#
# There is insufficient memory for the Java Runtime Environment to continue.
# Native memory allocation (malloc) failed to allocate 1239760 bytes. Error detail: Chunk::new
# Possible reasons:
#   The system is out of physical RAM or swap space
#   This process is running with CompressedOops enabled, and the Java Heap may be blocking the growth of the native heap
# Possible solutions:
#   Reduce memory load on the system
#   Increase physical memory or swap space
#   Check if swap backing store is full
#   Decrease Java heap size (-Xmx/-Xms)
#   Decrease number of Java threads
#   Decrease Java thread stack sizes (-Xss)
#   Set larger code cache with -XX:ReservedCodeCacheSize=
#   JVM is running with Zero Based Compressed Oops mode in which the Java heap is
#     placed in the first 32GB address space. The Java Heap base address is the
#     maximum limit for the native heap growth. Please use -XX:HeapBaseMinAddress
#     to set the Java Heap base and to place the Java Heap above 32GB virtual address.
# This output file may be truncated or incomplete.
#
#  Out of Memory Error (arena.cpp:191), pid=38388, tid=33160
#
# JRE version: OpenJDK Runtime Environment JBR-17.0.14+1-1367.22-nomod (17.0.14+1) (build 17.0.14+1-b1367.22)
# Java VM: OpenJDK 64-Bit Server VM JBR-17.0.14+1-1367.22-nomod (17.0.14+1-b1367.22, mixed mode, sharing, tiered, compressed oops, compressed class ptrs, g1 gc, windows-amd64)
# No core dump will be written. Minidumps are not enabled by default on client versions of Windows
#

---------------  S U M M A R Y ------------

Command Line: --add-opens=java.base/java.lang=ALL-UNNAMED --add-opens=java.base/java.lang.invoke=ALL-UNNAMED --add-opens=java.base/java.util=ALL-UNNAMED --add-opens=java.prefs/java.util.prefs=ALL-UNNAMED --add-exports=jdk.compiler/com.sun.tools.javac.api=ALL-UNNAMED --add-exports=jdk.compiler/com.sun.tools.javac.util=ALL-UNNAMED --add-opens=java.base/java.util=ALL-UNNAMED --add-opens=java.prefs/java.util.prefs=ALL-UNNAMED --add-opens=java.base/java.nio.charset=ALL-UNNAMED --add-opens=java.base/java.net=ALL-UNNAMED --add-opens=java.base/java.util.concurrent=ALL-UNNAMED --add-opens=java.base/java.util.concurrent.atomic=ALL-UNNAMED --add-opens=java.xml/javax.xml.namespace=ALL-UNNAMED -XX:MaxMetaspaceSize=1g -Xmx4g -Dfile.encoding=UTF-8 -Duser.country=IN -Duser.language=en -Duser.variant -javaagent:C:\Users\omlok\.gradle\wrapper\dists\gradle-9.0.0-bin\d6wjpkvcgsg3oed0qlfss3wgl\gradle-9.0.0\lib\agents\gradle-instrumentation-agent-9.0.0.jar org.gradle.launcher.daemon.bootstrap.GradleDaemon 9.0.0

Host: AMD Ryzen 7 5800HS with Radeon Graphics        , 16 cores, 15G,  Windows 11 , 64 bit Build 26100 (10.0.26100.8764)
Time: Tue Jul 21 12:18:40 2026 India Standard Time elapsed time: 109.182312 seconds (0d 0h 1m 49s)

---------------  T H R E A D  ---------------

Current thread (0x0000017f4bdcc220):  JavaThread "C2 CompilerThread0" daemon [_thread_in_native, id=33160, stack(0x0000000ce6f00000,0x0000000ce7000000)]


Current CompileTask:
C2: 109182 17288   !   4       java.nio.file.Files::walkFileTree (297 bytes)

Stack: [0x0000000ce6f00000,0x0000000ce7000000]
Native frames: (J=compiled Java code, j=interpreted, Vv=VM code, C=native code)
V  [jvm.dll+0x68b969]  os::platform_print_native_stack+0xd9  (os_windows_x86.cpp:235)
V  [jvm.dll+0x84572a]  VMError::report+0xc6a  (vmError.cpp:868)
V  [jvm.dll+0x8473ae]  VMError::report_and_die+0x78e  (vmError.cpp:1766)
V  [jvm.dll+0x847a13]  VMError::report_and_die+0x43  (vmError.cpp:1552)
V  [jvm.dll+0x24a83f]  report_vm_out_of_memory+0x8f  (debug.cpp:321)
V  [jvm.dll+0xaca04]  Chunk::operator new+0xb4  (arena.cpp:191)
V  [jvm.dll+0xad04c]  Arena::grow+0x3c  (arena.cpp:352)
V  [jvm.dll+0x36af67]  PhaseIFG::init+0xf7  (ifg.cpp:52)
V  [jvm.dll+0x1be3b6]  PhaseChaitin::Register_Allocate+0x496  (chaitin.cpp:480)
V  [jvm.dll+0x21c389]  Compile::Code_Gen+0x3b9  (compile.cpp:2757)
V  [jvm.dll+0x21b671]  Compile::Compile+0xe61  (compile.cpp:836)
V  [jvm.dll+0x1a6acd]  C2Compiler::compile_method+0xad  (c2compiler.cpp:112)
V  [jvm.dll+0x22b58e]  CompileBroker::invoke_compiler_on_method+0x82e  (compileBroker.cpp:2366)
V  [jvm.dll+0x2296d5]  CompileBroker::compiler_thread_loop+0x405  (compileBroker.cpp:2027)
V  [jvm.dll+0x7f9637]  JavaThread::run+0x147  (thread.cpp:1299)
V  [jvm.dll+0x7f3a1c]  Thread::call_run+0x8c  (thread.cpp:405)
V  [jvm.dll+0x68a7c7]  thread_native_entry+0x77  (os_windows.cpp:551)
C  [ucrtbase.dll+0x2cd30]
C  [KERNEL32.DLL+0x2ccb7]
C  [ntdll.dll+0xaad6c]


---------------  P R O C E S S  ---------------

Threads class SMR info:
_java_thread_list=0x0000017f8abba3f0, length=248, elements={
0x0000017f2c9c5ba0, 0x0000017f4bda9ba0, 0x0000017f4bdaa670, 0x0000017f4bdc6070,
0x0000017f4bdc6940, 0x0000017f4bdc73d0, 0x0000017f4bdc8600, 0x0000017f4bdcc220,
0x0000017f4c2939b0, 0x0000017f4c2a5220, 0x0000017f4bd52f50, 0x0000017f4c4b6df0,
0x0000017f877c8780, 0x0000017f4c321aa0, 0x0000017f86af87f0, 0x0000017f8651af10,
0x0000017f4c45ca60, 0x0000017f86bc7060, 0x0000017f86bc6b50, 0x0000017f86bc7f90,
0x0000017f86bc93d0, 0x0000017f86bc6640, 0x0000017f86bc7570, 0x0000017f86bc98e0,
0x0000017f86bc7a80, 0x0000017f86bc84a0, 0x0000017f86bc89b0, 0x0000017f86bc9df0,
0x0000017f86bc8ec0, 0x0000017f87e51140, 0x0000017f87e52070, 0x0000017f87e50210,
0x0000017f87e52580, 0x0000017f87e50720, 0x0000017f87e51650, 0x0000017f87e51b60,
0x0000017f87e50c30, 0x0000017f87e4fd00, 0x0000017f87e543e0, 0x0000017f87e548f0,
0x0000017f87e52fa0, 0x0000017f87e54e00, 0x0000017f87e55310, 0x0000017f87e55820,
0x0000017f87e55d30, 0x0000017f87e56240, 0x0000017f87e56750, 0x0000017f87e56c60,
0x0000017f87e534b0, 0x0000017f87e57170, 0x0000017f87e539c0, 0x0000017f87e57680,
0x0000017f87e53ed0, 0x0000017f88c6bec0, 0x0000017f88c6a570, 0x0000017f88c69b50,
0x0000017f88c6a060, 0x0000017f88c6af90, 0x0000017f88c6aa80, 0x0000017f88c6b9b0,
0x0000017f88c6b4a0, 0x0000017f88c6c3d0, 0x0000017f88c6c8e0, 0x0000017f88c69130,
0x0000017f88c6cdf0, 0x0000017f88c69640, 0x0000017f88c6fb80, 0x0000017f88c6e740,
0x0000017f88c6ec50, 0x0000017f88c6f160, 0x0000017f88c6f670, 0x0000017f88c70090,
0x0000017f88c705a0, 0x0000017f88c70ab0, 0x0000017f88c6d300, 0x0000017f88c6d810,
0x0000017f88c6dd20, 0x0000017f88c6e230, 0x0000017f8793d010, 0x0000017f8793da30,
0x0000017f8793f890, 0x0000017f8793e450, 0x0000017f8793ee70, 0x0000017f8793df40,
0x0000017f8793e960, 0x0000017f8793c5f0, 0x0000017f8793c0e0, 0x0000017f8793f380,
0x0000017f8793fda0, 0x0000017f879402b0, 0x0000017f8793cb00, 0x0000017f87943a60,
0x0000017f879407c0, 0x0000017f87943040, 0x0000017f87940cd0, 0x0000017f87943550,
0x0000017f87941c00, 0x0000017f879411e0, 0x0000017f87942110, 0x0000017f879416f0,
0x0000017f87942620, 0x0000017f87942b30, 0x0000017f8ae1fe30, 0x0000017f8ae20340,
0x0000017f8ae1e4e0, 0x0000017f8ae1e9f0, 0x0000017f8ae1f920, 0x0000017f8ae1ef00,
0x0000017f8ae20850, 0x0000017f8ae1dfd0, 0x0000017f8ae21780, 0x0000017f8ae21c90,
0x0000017f8ae20d60, 0x0000017f8ae21270, 0x0000017f8ae221a0, 0x0000017f8ae226b0,
0x0000017f8ae22bc0, 0x0000017f8ae1f410, 0x0000017f8ae24000, 0x0000017f8ae25950,
0x0000017f8ae24a20, 0x0000017f8ae24f30, 0x0000017f8ae235e0, 0x0000017f8ae24510,
0x0000017f8ae230d0, 0x0000017f8ae23af0, 0x0000017f8ae25440, 0x0000017f8632f700,
0x0000017f8632e2c0, 0x0000017f8632e7d0, 0x0000017f8632d8a0, 0x0000017f8632ece0,
0x0000017f8632f1f0, 0x0000017f8632fc10, 0x0000017f8632d390, 0x0000017f86331560,
0x0000017f8632ddb0, 0x0000017f86331f80, 0x0000017f86331a70, 0x0000017f86332490,
0x0000017f863329a0, 0x0000017f863333c0, 0x0000017f86332eb0, 0x0000017f86331050,
0x0000017f863338d0, 0x0000017f86330120, 0x0000017f86330630, 0x0000017f86334d10,
0x0000017f86471150, 0x0000017f86471b70, 0x0000017f86472590, 0x0000017f86470220,
0x0000017f86472080, 0x0000017f86471660, 0x0000017f864734c0, 0x0000017f86472fb0,
0x0000017f864739d0, 0x0000017f86477690, 0x0000017f86474e10, 0x0000017f86475d40,
0x0000017f86474900, 0x0000017f86475830, 0x0000017f864743f0, 0x0000017f86476250,
0x0000017f86476760, 0x0000017f86477180, 0x0000017f86477ba0, 0x0000017f87f3a980,
0x0000017f87f3ae90, 0x0000017f87f3a470, 0x0000017f87f3c7e0, 0x0000017f87f3c2d0,
0x0000017f87f3bdc0, 0x0000017f87f3b8b0, 0x0000017f87f3e640, 0x0000017f87f3d200,
0x0000017f87f3dc20, 0x0000017f87f3b3a0, 0x0000017f87f3e130, 0x0000017f87f3ff90,
0x0000017f87f3d710, 0x0000017f87f3f060, 0x0000017f87f404a0, 0x0000017f87f3f570,
0x0000017f87f3ccf0, 0x0000017f87f409b0, 0x0000017f87f40ec0, 0x0000017f87f413d0,
0x0000017f87f418e0, 0x0000017f87f3fa80, 0x0000017f87f41df0, 0x0000017f88e957b0,
0x0000017f88e93950, 0x0000017f88e961d0, 0x0000017f88e95cc0, 0x0000017f88e966e0,
0x0000017f88e96bf0, 0x0000017f88e97100, 0x0000017f88e97610, 0x0000017f88e93e60,
0x0000017f88e94880, 0x0000017f88e97b20, 0x0000017f88e94370, 0x0000017f88e98030,
0x0000017f88e98540, 0x0000017f88e94d90, 0x0000017f88e952a0, 0x0000017f88e99980,
0x0000017f88e98f60, 0x0000017f88e99470, 0x0000017f88e99e90, 0x0000017f88e9a3a0,
0x0000017f88e9adc0, 0x0000017f88e9a8b0, 0x0000017f88e9b2d0, 0x0000017f86e64660,
0x0000017f86e65aa0, 0x0000017f86e64b70, 0x0000017f86e65080, 0x0000017f86e65590,
0x0000017f86e622f0, 0x0000017f86e63730, 0x0000017f86e65fb0, 0x0000017f86e62800,
0x0000017f86e664c0, 0x0000017f86e62d10, 0x0000017f86e669d0, 0x0000017f86e63220,
0x0000017f86e66ee0, 0x0000017f86e64150, 0x0000017f86e673f0, 0x0000017f86e63c40,
0x0000017f86e69250, 0x0000017f86e6a180, 0x0000017f86e67e10, 0x0000017f86e68830,
0x0000017f86e6a690, 0x0000017f86e68320, 0x0000017f86e6aba0, 0x0000017f86e69760,
0x0000017f86e69c70, 0x0000017f86e6b0b0, 0x0000017f86e6de40, 0x0000017f8b72c590,
0x0000017f8b72eac0, 0x0000017f8b72baf0, 0x0000017f8b72d030, 0x0000017f8b72f010
}

Java Threads: ( => current thread )
  0x0000017f2c9c5ba0 JavaThread "main" [_thread_blocked, id=34828, stack(0x0000000ce6200000,0x0000000ce6300000)]
  0x0000017f4bda9ba0 JavaThread "Reference Handler" daemon [_thread_blocked, id=6644, stack(0x0000000ce6900000,0x0000000ce6a00000)]
  0x0000017f4bdaa670 JavaThread "Finalizer" daemon [_thread_blocked, id=36548, stack(0x0000000ce6a00000,0x0000000ce6b00000)]
  0x0000017f4bdc6070 JavaThread "Signal Dispatcher" daemon [_thread_blocked, id=36528, stack(0x0000000ce6b00000,0x0000000ce6c00000)]
  0x0000017f4bdc6940 JavaThread "Attach Listener" daemon [_thread_blocked, id=22976, stack(0x0000000ce6c00000,0x0000000ce6d00000)]
  0x0000017f4bdc73d0 JavaThread "Service Thread" daemon [_thread_blocked, id=35648, stack(0x0000000ce6d00000,0x0000000ce6e00000)]
  0x0000017f4bdc8600 JavaThread "Monitor Deflation Thread" daemon [_thread_blocked, id=18508, stack(0x0000000ce6e00000,0x0000000ce6f00000)]
=>0x0000017f4bdcc220 JavaThread "C2 CompilerThread0" daemon [_thread_in_native, id=33160, stack(0x0000000ce6f00000,0x0000000ce7000000)]
  0x0000017f4c2939b0 JavaThread "C1 CompilerThread0" daemon [_thread_blocked, id=2760, stack(0x0000000ce7000000,0x0000000ce7100000)]
  0x0000017f4c2a5220 JavaThread "Sweeper thread" daemon [_thread_blocked, id=38076, stack(0x0000000ce7100000,0x0000000ce7200000)]
  0x0000017f4bd52f50 JavaThread "Common-Cleaner" daemon [_thread_blocked, id=21052, stack(0x0000000ce7200000,0x0000000ce7300000)]
  0x0000017f4c4b6df0 JavaThread "Notification Thread" daemon [_thread_blocked, id=432, stack(0x0000000ce7400000,0x0000000ce7500000)]
  0x0000017f877c8780 JavaThread "Daemon health stats" [_thread_blocked, id=36452, stack(0x0000000ce8000000,0x0000000ce8100000)]
  0x0000017f4c321aa0 JavaThread "Incoming local TCP Connector on port 8510" [_thread_in_native, id=27708, stack(0x0000000ce7600000,0x0000000ce7700000)]
  0x0000017f86af87f0 JavaThread "Daemon periodic checks" [_thread_blocked, id=33228, stack(0x0000000ce8200000,0x0000000ce8300000)]
  0x0000017f8651af10 JavaThread "Daemon" [_thread_blocked, id=34856, stack(0x0000000ce8300000,0x0000000ce8400000)]
  0x0000017f4c45ca60 JavaThread "Handler for socket connection from /127.0.0.1:8510 to /127.0.0.1:8511" [_thread_in_native, id=37064, stack(0x0000000ce8400000,0x0000000ce8500000)]
  0x0000017f86bc7060 JavaThread "Cancel handler" [_thread_blocked, id=33108, stack(0x0000000ce8100000,0x0000000ce8200000)]
  0x0000017f86bc6b50 JavaThread "Daemon worker" [_thread_in_native, id=39640, stack(0x0000000ce8500000,0x0000000ce8600000)]
  0x0000017f86bc7f90 JavaThread "Asynchronous log dispatcher for DefaultDaemonConnection: socket connection from /127.0.0.1:8510 to /127.0.0.1:8511" [_thread_blocked, id=30704, stack(0x0000000ce8600000,0x0000000ce8700000)]
  0x0000017f86bc93d0 JavaThread "Stdin handler" [_thread_blocked, id=21772, stack(0x0000000ce8700000,0x0000000ce8800000)]
  0x0000017f86bc6640 JavaThread "Daemon client event forwarder" [_thread_blocked, id=11812, stack(0x0000000ce8800000,0x0000000ce8900000)]
  0x0000017f86bc7570 JavaThread "Cache worker for journal cache (C:\Users\omlok\.gradle\caches\journal-1)" [_thread_blocked, id=38624, stack(0x0000000ce8900000,0x0000000ce8a00000)]
  0x0000017f86bc98e0 JavaThread "File lock request listener" [_thread_in_native, id=35852, stack(0x0000000ce8a00000,0x0000000ce8b00000)]
  0x0000017f86bc7a80 JavaThread "File lock release action executor" [_thread_blocked, id=12276, stack(0x0000000ce8b00000,0x0000000ce8c00000)]
  0x0000017f86bc84a0 JavaThread "Cache worker for file hash cache (C:\Users\omlok\.gradle\caches\9.0.0\fileHashes)" [_thread_blocked, id=37156, stack(0x0000000ce8c00000,0x0000000ce8d00000)]
  0x0000017f86bc89b0 JavaThread "Cache worker for file hash cache (C:\Users\omlok\Documents\Bentork\Dev\ev_application\android\.gradle\9.0.0\fileHashes)" [_thread_blocked, id=28704, stack(0x0000000ce9600000,0x0000000ce9700000)]
  0x0000017f86bc9df0 JavaThread "Cache worker for Build Output Cleanup Cache (C:\Users\omlok\Documents\Bentork\Dev\ev_application\android\.gradle\buildOutputCleanup)" [_thread_blocked, id=36848, stack(0x0000000ce9700000,0x0000000ce9800000)]
  0x0000017f86bc8ec0 JavaThread "File watcher server" daemon [_thread_in_native, id=13656, stack(0x0000000ce9800000,0x0000000ce9900000)]
  0x0000017f87e51140 JavaThread "File watcher consumer" daemon [_thread_blocked, id=26184, stack(0x0000000ce9900000,0x0000000ce9a00000)]
  0x0000017f87e52070 JavaThread "jar transforms" [_thread_blocked, id=26924, stack(0x0000000ce9a00000,0x0000000ce9b00000)]
  0x0000017f87e50210 JavaThread "jar transforms Thread 2" [_thread_blocked, id=36676, stack(0x0000000ce9b00000,0x0000000ce9c00000)]
  0x0000017f87e52580 JavaThread "jar transforms Thread 3" [_thread_blocked, id=29604, stack(0x0000000ce9c00000,0x0000000ce9d00000)]
  0x0000017f87e50720 JavaThread "jar transforms Thread 4" [_thread_blocked, id=36888, stack(0x0000000ce9d00000,0x0000000ce9e00000)]
  0x0000017f87e51650 JavaThread "jar transforms Thread 5" [_thread_blocked, id=36908, stack(0x0000000ce9e00000,0x0000000ce9f00000)]
  0x0000017f87e51b60 JavaThread "jar transforms Thread 6" [_thread_blocked, id=12396, stack(0x0000000ce9f00000,0x0000000cea000000)]
  0x0000017f87e50c30 JavaThread "jar transforms Thread 7" [_thread_blocked, id=15716, stack(0x0000000cea000000,0x0000000cea100000)]
  0x0000017f87e4fd00 JavaThread "jar transforms Thread 8" [_thread_blocked, id=19136, stack(0x0000000cea100000,0x0000000cea200000)]
  0x0000017f87e543e0 JavaThread "jar transforms Thread 9" [_thread_blocked, id=33776, stack(0x0000000cea200000,0x0000000cea300000)]
  0x0000017f87e548f0 JavaThread "jar transforms Thread 10" [_thread_blocked, id=4456, stack(0x0000000cea300000,0x0000000cea400000)]
  0x0000017f87e52fa0 JavaThread "jar transforms Thread 11" [_thread_blocked, id=22468, stack(0x0000000cea400000,0x0000000cea500000)]
  0x0000017f87e54e00 JavaThread "jar transforms Thread 12" [_thread_blocked, id=37456, stack(0x0000000cea500000,0x0000000cea600000)]
  0x0000017f87e55310 JavaThread "jar transforms Thread 13" [_thread_blocked, id=22992, stack(0x0000000cea600000,0x0000000cea700000)]
  0x0000017f87e55820 JavaThread "jar transforms Thread 14" [_thread_blocked, id=35980, stack(0x0000000cea700000,0x0000000cea800000)]
  0x0000017f87e55d30 JavaThread "jar transforms Thread 15" [_thread_blocked, id=38276, stack(0x0000000cea800000,0x0000000cea900000)]
  0x0000017f87e56240 JavaThread "jar transforms Thread 16" [_thread_blocked, id=38984, stack(0x0000000cea900000,0x0000000ceaa00000)]
  0x0000017f87e56750 JavaThread "Cache worker for checksums cache (C:\Users\omlok\Documents\Bentork\Dev\ev_application\android\.gradle\9.0.0\checksums)" [_thread_blocked, id=31916, stack(0x0000000ce7c00000,0x0000000ce7d00000)]
  0x0000017f87e56c60 JavaThread "Cache worker for file content cache (C:\Users\omlok\.gradle\caches\9.0.0\fileContent)" [_thread_blocked, id=25040, stack(0x0000000ce8d00000,0x0000000ce8e00000)]
  0x0000017f87e534b0 JavaThread "Cache worker for cache directory md-supplier (C:\Users\omlok\.gradle\caches\9.0.0\md-supplier)" [_thread_blocked, id=39336, stack(0x0000000ceab00000,0x0000000ceac00000)]
  0x0000017f87e57170 JavaThread "Cache worker for cache directory md-rule (C:\Users\omlok\.gradle\caches\9.0.0\md-rule)" [_thread_blocked, id=32384, stack(0x0000000ceac00000,0x0000000cead00000)]
  0x0000017f87e539c0 JavaThread "Unconstrained build operations" [_thread_blocked, id=38680, stack(0x0000000ceaa00000,0x0000000ceab00000)]
  0x0000017f87e57680 JavaThread "Unconstrained build operations Thread 2" [_thread_blocked, id=12988, stack(0x0000000cead00000,0x0000000ceae00000)]
  0x0000017f87e53ed0 JavaThread "Unconstrained build operations Thread 3" [_thread_blocked, id=38592, stack(0x0000000ceae00000,0x0000000ceaf00000)]
  0x0000017f88c6bec0 JavaThread "Unconstrained build operations Thread 4" [_thread_blocked, id=37148, stack(0x0000000ceaf00000,0x0000000ceb000000)]
  0x0000017f88c6a570 JavaThread "Unconstrained build operations Thread 5" [_thread_blocked, id=3144, stack(0x0000000ceb000000,0x0000000ceb100000)]
  0x0000017f88c69b50 JavaThread "Unconstrained build operations Thread 6" [_thread_blocked, id=32908, stack(0x0000000ceb100000,0x0000000ceb200000)]
  0x0000017f88c6a060 JavaThread "Unconstrained build operations Thread 7" [_thread_blocked, id=29128, stack(0x0000000ceb200000,0x0000000ceb300000)]
  0x0000017f88c6af90 JavaThread "Unconstrained build operations Thread 8" [_thread_blocked, id=32056, stack(0x0000000ceb300000,0x0000000ceb400000)]
  0x0000017f88c6aa80 JavaThread "Unconstrained build operations Thread 9" [_thread_blocked, id=29608, stack(0x0000000ceb400000,0x0000000ceb500000)]
  0x0000017f88c6b9b0 JavaThread "Unconstrained build operations Thread 10" [_thread_blocked, id=37012, stack(0x0000000ceb500000,0x0000000ceb600000)]
  0x0000017f88c6b4a0 JavaThread "Unconstrained build operations Thread 11" [_thread_blocked, id=38364, stack(0x0000000ceb600000,0x0000000ceb700000)]
  0x0000017f88c6c3d0 JavaThread "Unconstrained build operations Thread 12" [_thread_blocked, id=33644, stack(0x0000000ceb700000,0x0000000ceb800000)]
  0x0000017f88c6c8e0 JavaThread "Unconstrained build operations Thread 13" [_thread_blocked, id=20516, stack(0x0000000ceb800000,0x0000000ceb900000)]
  0x0000017f88c69130 JavaThread "Unconstrained build operations Thread 14" [_thread_blocked, id=35060, stack(0x0000000ceb900000,0x0000000ceba00000)]
  0x0000017f88c6cdf0 JavaThread "Unconstrained build operations Thread 15" [_thread_blocked, id=22816, stack(0x0000000ceba00000,0x0000000cebb00000)]
  0x0000017f88c69640 JavaThread "Unconstrained build operations Thread 16" [_thread_blocked, id=32496, stack(0x0000000cebb00000,0x0000000cebc00000)]
  0x0000017f88c6fb80 JavaThread "Unconstrained build operations Thread 17" [_thread_blocked, id=18720, stack(0x0000000cebc00000,0x0000000cebd00000)]
  0x0000017f88c6e740 JavaThread "Unconstrained build operations Thread 18" [_thread_blocked, id=20608, stack(0x0000000cebd00000,0x0000000cebe00000)]
  0x0000017f88c6ec50 JavaThread "Unconstrained build operations Thread 19" [_thread_blocked, id=4532, stack(0x0000000cebe00000,0x0000000cebf00000)]
  0x0000017f88c6f160 JavaThread "Unconstrained build operations Thread 20" [_thread_blocked, id=844, stack(0x0000000cebf00000,0x0000000cec000000)]
  0x0000017f88c6f670 JavaThread "Unconstrained build operations Thread 21" [_thread_blocked, id=35104, stack(0x0000000cec000000,0x0000000cec100000)]
  0x0000017f88c70090 JavaThread "Unconstrained build operations Thread 22" [_thread_blocked, id=39812, stack(0x0000000cec100000,0x0000000cec200000)]
  0x0000017f88c705a0 JavaThread "Unconstrained build operations Thread 23" [_thread_blocked, id=34040, stack(0x0000000cec200000,0x0000000cec300000)]
  0x0000017f88c70ab0 JavaThread "Unconstrained build operations Thread 24" [_thread_blocked, id=28104, stack(0x0000000cec300000,0x0000000cec400000)]
  0x0000017f88c6d300 JavaThread "Unconstrained build operations Thread 25" [_thread_blocked, id=21068, stack(0x0000000cec400000,0x0000000cec500000)]
  0x0000017f88c6d810 JavaThread "Unconstrained build operations Thread 26" [_thread_blocked, id=16132, stack(0x0000000cec500000,0x0000000cec600000)]
  0x0000017f88c6dd20 JavaThread "Unconstrained build operations Thread 27" [_thread_blocked, id=19828, stack(0x0000000cec600000,0x0000000cec700000)]
  0x0000017f88c6e230 JavaThread "Unconstrained build operations Thread 28" [_thread_blocked, id=35800, stack(0x0000000cec700000,0x0000000cec800000)]
  0x0000017f8793d010 JavaThread "Unconstrained build operations Thread 29" [_thread_blocked, id=35292, stack(0x0000000cec800000,0x0000000cec900000)]
  0x0000017f8793da30 JavaThread "Cache worker for Build Output Cleanup Cache (C:\Users\omlok\Documents\Bentork\Dev\ev_application\node_modules\@react-native\gradle-plugin\.gradle\buildOutputCleanup)" [_thread_blocked, id=29500, stack(0x0000000ceca00000,0x0000000cecb00000)]
  0x0000017f8793f890 JavaThread "Unconstrained build operations Thread 30" [_thread_blocked, id=24320, stack(0x0000000cecb00000,0x0000000cecc00000)]
  0x0000017f8793e450 JavaThread "Unconstrained build operations Thread 31" [_thread_blocked, id=33236, stack(0x0000000cecc00000,0x0000000cecd00000)]
  0x0000017f8793ee70 JavaThread "Unconstrained build operations Thread 32" [_thread_blocked, id=25856, stack(0x0000000cecd00000,0x0000000cece00000)]
  0x0000017f8793df40 JavaThread "Unconstrained build operations Thread 33" [_thread_blocked, id=37124, stack(0x0000000cece00000,0x0000000cecf00000)]
  0x0000017f8793e960 JavaThread "Unconstrained build operations Thread 34" [_thread_blocked, id=24424, stack(0x0000000cecf00000,0x0000000ced000000)]
  0x0000017f8793c5f0 JavaThread "Unconstrained build operations Thread 35" [_thread_blocked, id=1564, stack(0x0000000ced000000,0x0000000ced100000)]
  0x0000017f8793c0e0 JavaThread "Unconstrained build operations Thread 36" [_thread_blocked, id=33736, stack(0x0000000ced100000,0x0000000ced200000)]
  0x0000017f8793f380 JavaThread "Unconstrained build operations Thread 37" [_thread_blocked, id=36192, stack(0x0000000ced200000,0x0000000ced300000)]
  0x0000017f8793fda0 JavaThread "Unconstrained build operations Thread 38" [_thread_blocked, id=38096, stack(0x0000000ced300000,0x0000000ced400000)]
  0x0000017f879402b0 JavaThread "Unconstrained build operations Thread 39" [_thread_blocked, id=39904, stack(0x0000000ced400000,0x0000000ced500000)]
  0x0000017f8793cb00 JavaThread "Unconstrained build operations Thread 40" [_thread_blocked, id=36800, stack(0x0000000ced500000,0x0000000ced600000)]
  0x0000017f87943a60 JavaThread "Unconstrained build operations Thread 41" [_thread_blocked, id=35764, stack(0x0000000ced600000,0x0000000ced700000)]
  0x0000017f879407c0 JavaThread "Unconstrained build operations Thread 42" [_thread_blocked, id=14132, stack(0x0000000ced700000,0x0000000ced800000)]
  0x0000017f87943040 JavaThread "Unconstrained build operations Thread 43" [_thread_blocked, id=33488, stack(0x0000000ced800000,0x0000000ced900000)]
  0x0000017f87940cd0 JavaThread "Unconstrained build operations Thread 44" [_thread_blocked, id=35672, stack(0x0000000ced900000,0x0000000ceda00000)]
  0x0000017f87943550 JavaThread "Unconstrained build operations Thread 45" [_thread_blocked, id=36944, stack(0x0000000ce9500000,0x0000000ce9600000)]
  0x0000017f87941c00 JavaThread "Unconstrained build operations Thread 46" [_thread_blocked, id=4640, stack(0x0000000ceda00000,0x0000000cedb00000)]
  0x0000017f879411e0 JavaThread "Unconstrained build operations Thread 47" [_thread_blocked, id=38200, stack(0x0000000cedb00000,0x0000000cedc00000)]
  0x0000017f87942110 JavaThread "Unconstrained build operations Thread 48" [_thread_blocked, id=2128, stack(0x0000000cedc00000,0x0000000cedd00000)]
  0x0000017f879416f0 JavaThread "Unconstrained build operations Thread 49" [_thread_blocked, id=4140, stack(0x0000000cedd00000,0x0000000cede00000)]
  0x0000017f87942620 JavaThread "Unconstrained build operations Thread 50" [_thread_blocked, id=18636, stack(0x0000000cede00000,0x0000000cedf00000)]
  0x0000017f87942b30 JavaThread "Unconstrained build operations Thread 51" [_thread_blocked, id=31824, stack(0x0000000cedf00000,0x0000000cee000000)]
  0x0000017f8ae1fe30 JavaThread "Unconstrained build operations Thread 52" [_thread_blocked, id=31940, stack(0x0000000cee000000,0x0000000cee100000)]
  0x0000017f8ae20340 JavaThread "Unconstrained build operations Thread 53" [_thread_blocked, id=36324, stack(0x0000000cee100000,0x0000000cee200000)]
  0x0000017f8ae1e4e0 JavaThread "Unconstrained build operations Thread 54" [_thread_blocked, id=23584, stack(0x0000000cee200000,0x0000000cee300000)]
  0x0000017f8ae1e9f0 JavaThread "Unconstrained build operations Thread 55" [_thread_blocked, id=31404, stack(0x0000000cee300000,0x0000000cee400000)]
  0x0000017f8ae1f920 JavaThread "Unconstrained build operations Thread 56" [_thread_blocked, id=28588, stack(0x0000000cee400000,0x0000000cee500000)]
  0x0000017f8ae1ef00 JavaThread "Unconstrained build operations Thread 57" [_thread_blocked, id=16820, stack(0x0000000cee500000,0x0000000cee600000)]
  0x0000017f8ae20850 JavaThread "Unconstrained build operations Thread 58" [_thread_blocked, id=38876, stack(0x0000000cee600000,0x0000000cee700000)]
  0x0000017f8ae1dfd0 JavaThread "Unconstrained build operations Thread 59" [_thread_blocked, id=39612, stack(0x0000000cee700000,0x0000000cee800000)]
  0x0000017f8ae21780 JavaThread "Unconstrained build operations Thread 60" [_thread_blocked, id=13632, stack(0x0000000cee800000,0x0000000cee900000)]
  0x0000017f8ae21c90 JavaThread "Unconstrained build operations Thread 61" [_thread_blocked, id=39216, stack(0x0000000cee900000,0x0000000ceea00000)]
  0x0000017f8ae20d60 JavaThread "Unconstrained build operations Thread 62" [_thread_blocked, id=35984, stack(0x0000000ceea00000,0x0000000ceeb00000)]
  0x0000017f8ae21270 JavaThread "Unconstrained build operations Thread 63" [_thread_blocked, id=17380, stack(0x0000000ceeb00000,0x0000000ceec00000)]
  0x0000017f8ae221a0 JavaThread "Unconstrained build operations Thread 64" [_thread_blocked, id=19124, stack(0x0000000ceec00000,0x0000000ceed00000)]
  0x0000017f8ae226b0 JavaThread "Unconstrained build operations Thread 65" [_thread_blocked, id=33652, stack(0x0000000ceed00000,0x0000000ceee00000)]
  0x0000017f8ae22bc0 JavaThread "Unconstrained build operations Thread 66" [_thread_blocked, id=36264, stack(0x0000000ceee00000,0x0000000ceef00000)]
  0x0000017f8ae1f410 JavaThread "Unconstrained build operations Thread 67" [_thread_blocked, id=35792, stack(0x0000000ceef00000,0x0000000cef000000)]
  0x0000017f8ae24000 JavaThread "Unconstrained build operations Thread 68" [_thread_blocked, id=39440, stack(0x0000000cef000000,0x0000000cef100000)]
  0x0000017f8ae25950 JavaThread "Unconstrained build operations Thread 69" [_thread_blocked, id=36936, stack(0x0000000cef100000,0x0000000cef200000)]
  0x0000017f8ae24a20 JavaThread "Unconstrained build operations Thread 70" [_thread_blocked, id=39620, stack(0x0000000cef200000,0x0000000cef300000)]
  0x0000017f8ae24f30 JavaThread "Unconstrained build operations Thread 71" [_thread_blocked, id=18408, stack(0x0000000cef300000,0x0000000cef400000)]
  0x0000017f8ae235e0 JavaThread "Unconstrained build operations Thread 72" [_thread_blocked, id=39540, stack(0x0000000cef400000,0x0000000cef500000)]
  0x0000017f8ae24510 JavaThread "Unconstrained build operations Thread 73" [_thread_blocked, id=16588, stack(0x0000000cef500000,0x0000000cef600000)]
  0x0000017f8ae230d0 JavaThread "Unconstrained build operations Thread 74" [_thread_blocked, id=35004, stack(0x0000000cef600000,0x0000000cef700000)]
  0x0000017f8ae23af0 JavaThread "Unconstrained build operations Thread 75" [_thread_blocked, id=37196, stack(0x0000000cef700000,0x0000000cef800000)]
  0x0000017f8ae25440 JavaThread "Unconstrained build operations Thread 76" [_thread_blocked, id=38536, stack(0x0000000cef800000,0x0000000cef900000)]
  0x0000017f8632f700 JavaThread "Unconstrained build operations Thread 77" [_thread_blocked, id=17964, stack(0x0000000cef900000,0x0000000cefa00000)]
  0x0000017f8632e2c0 JavaThread "Unconstrained build operations Thread 78" [_thread_blocked, id=39236, stack(0x0000000cefa00000,0x0000000cefb00000)]
  0x0000017f8632e7d0 JavaThread "Unconstrained build operations Thread 79" [_thread_blocked, id=34988, stack(0x0000000cefb00000,0x0000000cefc00000)]
  0x0000017f8632d8a0 JavaThread "Unconstrained build operations Thread 80" [_thread_blocked, id=15080, stack(0x0000000cefc00000,0x0000000cefd00000)]
  0x0000017f8632ece0 JavaThread "Unconstrained build operations Thread 81" [_thread_blocked, id=39444, stack(0x0000000cefd00000,0x0000000cefe00000)]
  0x0000017f8632f1f0 JavaThread "Unconstrained build operations Thread 82" [_thread_blocked, id=36388, stack(0x0000000cefe00000,0x0000000ceff00000)]
  0x0000017f8632fc10 JavaThread "Unconstrained build operations Thread 83" [_thread_blocked, id=34780, stack(0x0000000ceff00000,0x0000000cf0000000)]
  0x0000017f8632d390 JavaThread "Unconstrained build operations Thread 84" [_thread_blocked, id=39504, stack(0x0000000cf0000000,0x0000000cf0100000)]
  0x0000017f86331560 JavaThread "Unconstrained build operations Thread 85" [_thread_blocked, id=32192, stack(0x0000000cf0100000,0x0000000cf0200000)]
  0x0000017f8632ddb0 JavaThread "Unconstrained build operations Thread 86" [_thread_blocked, id=34644, stack(0x0000000cf0200000,0x0000000cf0300000)]
  0x0000017f86331f80 JavaThread "Unconstrained build operations Thread 87" [_thread_blocked, id=39300, stack(0x0000000cf0300000,0x0000000cf0400000)]
  0x0000017f86331a70 JavaThread "Unconstrained build operations Thread 88" [_thread_blocked, id=34192, stack(0x0000000cf0400000,0x0000000cf0500000)]
  0x0000017f86332490 JavaThread "Unconstrained build operations Thread 89" [_thread_blocked, id=39908, stack(0x0000000cf0500000,0x0000000cf0600000)]
  0x0000017f863329a0 JavaThread "Unconstrained build operations Thread 90" [_thread_blocked, id=34624, stack(0x0000000cf0600000,0x0000000cf0700000)]
  0x0000017f863333c0 JavaThread "Unconstrained build operations Thread 91" [_thread_blocked, id=30212, stack(0x0000000cf0700000,0x0000000cf0800000)]
  0x0000017f86332eb0 JavaThread "Unconstrained build operations Thread 92" [_thread_blocked, id=29084, stack(0x0000000cf0800000,0x0000000cf0900000)]
  0x0000017f86331050 JavaThread "Unconstrained build operations Thread 93" [_thread_blocked, id=36520, stack(0x0000000cf0900000,0x0000000cf0a00000)]
  0x0000017f863338d0 JavaThread "Unconstrained build operations Thread 94" [_thread_blocked, id=34752, stack(0x0000000cf0a00000,0x0000000cf0b00000)]
  0x0000017f86330120 JavaThread "Unconstrained build operations Thread 95" [_thread_blocked, id=18860, stack(0x0000000cf0b00000,0x0000000cf0c00000)]
  0x0000017f86330630 JavaThread "Memory manager" [_thread_blocked, id=34832, stack(0x0000000cf0c00000,0x0000000cf0d00000)]
  0x0000017f86334d10 JavaThread "ForkJoinPool.commonPool-worker-1" daemon [_thread_blocked, id=36128, stack(0x0000000cf1100000,0x0000000cf1200000)]
  0x0000017f86471150 JavaThread "ForkJoinPool.commonPool-worker-3" daemon [_thread_blocked, id=15756, stack(0x0000000cf1300000,0x0000000cf1400000)]
  0x0000017f86471b70 JavaThread "ForkJoinPool.commonPool-worker-4" daemon [_thread_blocked, id=34892, stack(0x0000000cf1400000,0x0000000cf1500000)]
  0x0000017f86472590 JavaThread "ForkJoinPool.commonPool-worker-5" daemon [_thread_blocked, id=16904, stack(0x0000000cf1500000,0x0000000cf1600000)]
  0x0000017f86470220 JavaThread "ForkJoinPool.commonPool-worker-6" daemon [_thread_blocked, id=34692, stack(0x0000000cf1600000,0x0000000cf1700000)]
  0x0000017f86472080 JavaThread "ForkJoinPool.commonPool-worker-7" daemon [_thread_blocked, id=34376, stack(0x0000000cf1700000,0x0000000cf1800000)]
  0x0000017f86471660 JavaThread "ForkJoinPool.commonPool-worker-8" daemon [_thread_blocked, id=35848, stack(0x0000000cf1800000,0x0000000cf1900000)]
  0x0000017f864734c0 JavaThread "ForkJoinPool.commonPool-worker-10" daemon [_thread_blocked, id=38472, stack(0x0000000cf1900000,0x0000000cf1a00000)]
  0x0000017f86472fb0 JavaThread "ForkJoinPool.commonPool-worker-9" daemon [_thread_blocked, id=34996, stack(0x0000000cf1a00000,0x0000000cf1b00000)]
  0x0000017f864739d0 JavaThread "ForkJoinPool.commonPool-worker-11" daemon [_thread_blocked, id=35632, stack(0x0000000cf1b00000,0x0000000cf1c00000)]
  0x0000017f86477690 JavaThread "ForkJoinPool.commonPool-worker-12" daemon [_thread_blocked, id=2644, stack(0x0000000cf1f00000,0x0000000cf2000000)]
  0x0000017f86474e10 JavaThread "ForkJoinPool.commonPool-worker-13" daemon [_thread_blocked, id=37552, stack(0x0000000cf2000000,0x0000000cf2100000)]
  0x0000017f86475d40 JavaThread "ForkJoinPool.commonPool-worker-14" daemon [_thread_blocked, id=33452, stack(0x0000000cf0e00000,0x0000000cf0f00000)]
  0x0000017f86474900 JavaThread "ForkJoinPool.commonPool-worker-15" daemon [_thread_blocked, id=26124, stack(0x0000000cf2100000,0x0000000cf2200000)]
  0x0000017f86475830 JavaThread "Execution worker" [_thread_blocked, id=33468, stack(0x0000000cf2300000,0x0000000cf2400000)]
  0x0000017f864743f0 JavaThread "Execution worker Thread 2" [_thread_blocked, id=11720, stack(0x0000000cf2400000,0x0000000cf2500000)]
  0x0000017f86476250 JavaThread "Execution worker Thread 3" [_thread_blocked, id=38832, stack(0x0000000cf2500000,0x0000000cf2600000)]
  0x0000017f86476760 JavaThread "Execution worker Thread 4" [_thread_blocked, id=38208, stack(0x0000000cf2600000,0x0000000cf2700000)]
  0x0000017f86477180 JavaThread "Execution worker Thread 5" [_thread_blocked, id=37556, stack(0x0000000cf2700000,0x0000000cf2800000)]
  0x0000017f86477ba0 JavaThread "Execution worker Thread 6" [_thread_blocked, id=38120, stack(0x0000000cf2800000,0x0000000cf2900000)]
  0x0000017f87f3a980 JavaThread "Execution worker Thread 7" [_thread_blocked, id=26476, stack(0x0000000cf2900000,0x0000000cf2a00000)]
  0x0000017f87f3ae90 JavaThread "Execution worker Thread 8" [_thread_blocked, id=32968, stack(0x0000000cf2a00000,0x0000000cf2b00000)]
  0x0000017f87f3a470 JavaThread "Execution worker Thread 9" [_thread_blocked, id=6720, stack(0x0000000cf2b00000,0x0000000cf2c00000)]
  0x0000017f87f3c7e0 JavaThread "Execution worker Thread 10" [_thread_blocked, id=2436, stack(0x0000000cf2c00000,0x0000000cf2d00000)]
  0x0000017f87f3c2d0 JavaThread "Execution worker Thread 11" [_thread_blocked, id=31356, stack(0x0000000cf2d00000,0x0000000cf2e00000)]
  0x0000017f87f3bdc0 JavaThread "Execution worker Thread 12" [_thread_blocked, id=39136, stack(0x0000000cf2e00000,0x0000000cf2f00000)]
  0x0000017f87f3b8b0 JavaThread "Execution worker Thread 13" [_thread_blocked, id=37048, stack(0x0000000cf2f00000,0x0000000cf3000000)]
  0x0000017f87f3e640 JavaThread "Execution worker Thread 14" [_thread_blocked, id=852, stack(0x0000000cf3000000,0x0000000cf3100000)]
  0x0000017f87f3d200 JavaThread "Execution worker Thread 15" [_thread_blocked, id=34268, stack(0x0000000cf3100000,0x0000000cf3200000)]
  0x0000017f87f3dc20 JavaThread "Cache worker for execution history cache (C:\Users\omlok\Documents\Bentork\Dev\ev_application\node_modules\@react-native\gradle-plugin\.gradle\9.0.0\executionHistory)" [_thread_blocked, id=35844, stack(0x0000000cf3200000,0x0000000cf3300000)]
  0x0000017f87f3b3a0 JavaThread "Unconstrained build operations Thread 96" [_thread_blocked, id=36368, stack(0x0000000cf3300000,0x0000000cf3400000)]
  0x0000017f87f3e130 JavaThread "Unconstrained build operations Thread 97" [_thread_blocked, id=31444, stack(0x0000000cf3400000,0x0000000cf3500000)]
  0x0000017f87f3ff90 JavaThread "Unconstrained build operations Thread 98" [_thread_blocked, id=11492, stack(0x0000000cf3500000,0x0000000cf3600000)]
  0x0000017f87f3d710 JavaThread "Unconstrained build operations Thread 99" [_thread_blocked, id=36584, stack(0x0000000cf3600000,0x0000000cf3700000)]
  0x0000017f87f3f060 JavaThread "Unconstrained build operations Thread 100" [_thread_blocked, id=38500, stack(0x0000000cf3700000,0x0000000cf3800000)]
  0x0000017f87f404a0 JavaThread "Unconstrained build operations Thread 101" [_thread_blocked, id=25304, stack(0x0000000cf3800000,0x0000000cf3900000)]
  0x0000017f87f3f570 JavaThread "Unconstrained build operations Thread 102" [_thread_blocked, id=31408, stack(0x0000000cf3900000,0x0000000cf3a00000)]
  0x0000017f87f3ccf0 JavaThread "Unconstrained build operations Thread 103" [_thread_blocked, id=36300, stack(0x0000000cf3a00000,0x0000000cf3b00000)]
  0x0000017f87f409b0 JavaThread "Unconstrained build operations Thread 104" [_thread_blocked, id=37980, stack(0x0000000cf3b00000,0x0000000cf3c00000)]
  0x0000017f87f40ec0 JavaThread "Unconstrained build operations Thread 105" [_thread_blocked, id=25684, stack(0x0000000ce7b00000,0x0000000ce7c00000)]
  0x0000017f87f413d0 JavaThread "Unconstrained build operations Thread 106" [_thread_blocked, id=36872, stack(0x0000000cec900000,0x0000000ceca00000)]
  0x0000017f87f418e0 JavaThread "Unconstrained build operations Thread 107" [_thread_blocked, id=2840, stack(0x0000000cf0d00000,0x0000000cf0e00000)]
  0x0000017f87f3fa80 JavaThread "Unconstrained build operations Thread 108" [_thread_blocked, id=39528, stack(0x0000000cf3c00000,0x0000000cf3d00000)]
  0x0000017f87f41df0 JavaThread "Unconstrained build operations Thread 109" [_thread_blocked, id=31552, stack(0x0000000cf3d00000,0x0000000cf3e00000)]
  0x0000017f88e957b0 JavaThread "Unconstrained build operations Thread 110" [_thread_blocked, id=11968, stack(0x0000000cf3e00000,0x0000000cf3f00000)]
  0x0000017f88e93950 JavaThread "Unconstrained build operations Thread 111" [_thread_blocked, id=35728, stack(0x0000000cf3f00000,0x0000000cf4000000)]
  0x0000017f88e961d0 JavaThread "Unconstrained build operations Thread 112" [_thread_blocked, id=39928, stack(0x0000000cf4000000,0x0000000cf4100000)]
  0x0000017f88e95cc0 JavaThread "Unconstrained build operations Thread 113" [_thread_blocked, id=36408, stack(0x0000000cf4100000,0x0000000cf4200000)]
  0x0000017f88e966e0 JavaThread "Unconstrained build operations Thread 114" [_thread_blocked, id=37316, stack(0x0000000cf4200000,0x0000000cf4300000)]
  0x0000017f88e96bf0 JavaThread "Unconstrained build operations Thread 115" [_thread_blocked, id=3672, stack(0x0000000cf4300000,0x0000000cf4400000)]
  0x0000017f88e97100 JavaThread "Unconstrained build operations Thread 116" [_thread_blocked, id=6896, stack(0x0000000cf4400000,0x0000000cf4500000)]
  0x0000017f88e97610 JavaThread "Unconstrained build operations Thread 117" [_thread_blocked, id=23624, stack(0x0000000cf4500000,0x0000000cf4600000)]
  0x0000017f88e93e60 JavaThread "Unconstrained build operations Thread 118" [_thread_blocked, id=25184, stack(0x0000000cf4600000,0x0000000cf4700000)]
  0x0000017f88e94880 JavaThread "Unconstrained build operations Thread 119" [_thread_blocked, id=30524, stack(0x0000000cf4700000,0x0000000cf4800000)]
  0x0000017f88e97b20 JavaThread "Unconstrained build operations Thread 120" [_thread_blocked, id=35804, stack(0x0000000cf4800000,0x0000000cf4900000)]
  0x0000017f88e94370 JavaThread "Unconstrained build operations Thread 121" [_thread_blocked, id=32020, stack(0x0000000cf4b00000,0x0000000cf4c00000)]
  0x0000017f88e98030 JavaThread "Unconstrained build operations Thread 122" [_thread_blocked, id=34772, stack(0x0000000cf4c00000,0x0000000cf4d00000)]
  0x0000017f88e98540 JavaThread "Unconstrained build operations Thread 123" [_thread_blocked, id=19444, stack(0x0000000cf4d00000,0x0000000cf4e00000)]
  0x0000017f88e94d90 JavaThread "Unconstrained build operations Thread 124" [_thread_blocked, id=37032, stack(0x0000000cf4e00000,0x0000000cf4f00000)]
  0x0000017f88e952a0 JavaThread "Unconstrained build operations Thread 125" [_thread_blocked, id=21356, stack(0x0000000cf4f00000,0x0000000cf5000000)]
  0x0000017f88e99980 JavaThread "Unconstrained build operations Thread 126" [_thread_blocked, id=33872, stack(0x0000000cf5000000,0x0000000cf5100000)]
  0x0000017f88e98f60 JavaThread "Unconstrained build operations Thread 127" [_thread_blocked, id=35028, stack(0x0000000cf5100000,0x0000000cf5200000)]
  0x0000017f88e99470 JavaThread "Unconstrained build operations Thread 128" [_thread_blocked, id=36648, stack(0x0000000cf5200000,0x0000000cf5300000)]
  0x0000017f88e99e90 JavaThread "Unconstrained build operations Thread 129" [_thread_blocked, id=36720, stack(0x0000000cf5300000,0x0000000cf5400000)]
  0x0000017f88e9a3a0 JavaThread "Unconstrained build operations Thread 130" [_thread_blocked, id=5312, stack(0x0000000cf5400000,0x0000000cf5500000)]
  0x0000017f88e9adc0 JavaThread "Unconstrained build operations Thread 131" [_thread_blocked, id=14136, stack(0x0000000cf5500000,0x0000000cf5600000)]
  0x0000017f88e9a8b0 JavaThread "Unconstrained build operations Thread 132" [_thread_blocked, id=16368, stack(0x0000000cf5600000,0x0000000cf5700000)]
  0x0000017f88e9b2d0 JavaThread "Unconstrained build operations Thread 133" [_thread_blocked, id=16852, stack(0x0000000cf5700000,0x0000000cf5800000)]
  0x0000017f86e64660 JavaThread "Unconstrained build operations Thread 134" [_thread_blocked, id=18132, stack(0x0000000cf5800000,0x0000000cf5900000)]
  0x0000017f86e65aa0 JavaThread "Unconstrained build operations Thread 135" [_thread_blocked, id=33628, stack(0x0000000cf5900000,0x0000000cf5a00000)]
  0x0000017f86e64b70 JavaThread "Unconstrained build operations Thread 136" [_thread_blocked, id=27392, stack(0x0000000cf5a00000,0x0000000cf5b00000)]
  0x0000017f86e65080 JavaThread "Unconstrained build operations Thread 137" [_thread_blocked, id=12692, stack(0x0000000cf5b00000,0x0000000cf5c00000)]
  0x0000017f86e65590 JavaThread "Unconstrained build operations Thread 138" [_thread_blocked, id=18900, stack(0x0000000cf5c00000,0x0000000cf5d00000)]
  0x0000017f86e622f0 JavaThread "Unconstrained build operations Thread 139" [_thread_blocked, id=38204, stack(0x0000000cf5d00000,0x0000000cf5e00000)]
  0x0000017f86e63730 JavaThread "Unconstrained build operations Thread 140" [_thread_blocked, id=39680, stack(0x0000000cf6000000,0x0000000cf6100000)]
  0x0000017f86e65fb0 JavaThread "Unconstrained build operations Thread 141" [_thread_blocked, id=12568, stack(0x0000000cf6100000,0x0000000cf6200000)]
  0x0000017f86e62800 JavaThread "Unconstrained build operations Thread 142" [_thread_blocked, id=15828, stack(0x0000000cf6200000,0x0000000cf6300000)]
  0x0000017f86e664c0 JavaThread "Unconstrained build operations Thread 143" [_thread_blocked, id=37132, stack(0x0000000cf6300000,0x0000000cf6400000)]
  0x0000017f86e62d10 JavaThread "Unconstrained build operations Thread 144" [_thread_blocked, id=37696, stack(0x0000000cf6400000,0x0000000cf6500000)]
  0x0000017f86e669d0 JavaThread "Unconstrained build operations Thread 145" [_thread_blocked, id=24876, stack(0x0000000cf6500000,0x0000000cf6600000)]
  0x0000017f86e63220 JavaThread "Unconstrained build operations Thread 146" [_thread_blocked, id=30812, stack(0x0000000cf6600000,0x0000000cf6700000)]
  0x0000017f86e66ee0 JavaThread "Unconstrained build operations Thread 147" [_thread_blocked, id=6684, stack(0x0000000cf6700000,0x0000000cf6800000)]
  0x0000017f86e64150 JavaThread "Unconstrained build operations Thread 148" [_thread_blocked, id=35572, stack(0x0000000cf6800000,0x0000000cf6900000)]
  0x0000017f86e673f0 JavaThread "Unconstrained build operations Thread 149" [_thread_blocked, id=33636, stack(0x0000000cf6900000,0x0000000cf6a00000)]
  0x0000017f86e63c40 JavaThread "Unconstrained build operations Thread 150" [_thread_blocked, id=38688, stack(0x0000000cf6a00000,0x0000000cf6b00000)]
  0x0000017f86e69250 JavaThread "Unconstrained build operations Thread 151" [_thread_blocked, id=39396, stack(0x0000000cf6b00000,0x0000000cf6c00000)]
  0x0000017f86e6a180 JavaThread "Unconstrained build operations Thread 152" [_thread_blocked, id=37492, stack(0x0000000cf6c00000,0x0000000cf6d00000)]
  0x0000017f86e67e10 JavaThread "Unconstrained build operations Thread 153" [_thread_blocked, id=25080, stack(0x0000000cf6d00000,0x0000000cf6e00000)]
  0x0000017f86e68830 JavaThread "Unconstrained build operations Thread 154" [_thread_blocked, id=5988, stack(0x0000000cf6e00000,0x0000000cf6f00000)]
  0x0000017f86e6a690 JavaThread "Unconstrained build operations Thread 155" [_thread_blocked, id=27520, stack(0x0000000cf6f00000,0x0000000cf7000000)]
  0x0000017f86e68320 JavaThread "Unconstrained build operations Thread 156" [_thread_blocked, id=37800, stack(0x0000000cf7000000,0x0000000cf7100000)]
  0x0000017f86e6aba0 JavaThread "Unconstrained build operations Thread 157" [_thread_blocked, id=36148, stack(0x0000000cf7100000,0x0000000cf7200000)]
  0x0000017f86e69760 JavaThread "Unconstrained build operations Thread 158" [_thread_blocked, id=39288, stack(0x0000000cf7200000,0x0000000cf7300000)]
  0x0000017f86e69c70 JavaThread "Unconstrained build operations Thread 159" [_thread_blocked, id=5584, stack(0x0000000cf7300000,0x0000000cf7400000)]
  0x0000017f86e6b0b0 JavaThread "Unconstrained build operations Thread 160" [_thread_blocked, id=23968, stack(0x0000000cf7400000,0x0000000cf7500000)]
  0x0000017f86e6de40 JavaThread "Problems report writer" [_thread_blocked, id=37068, stack(0x0000000ce6000000,0x0000000ce6100000)]
  0x0000017f8b72c590 JavaThread "C2 CompilerThread1" daemon [_thread_blocked, id=31620, stack(0x0000000ce5f00000,0x0000000ce6000000)]
  0x0000017f8b72eac0 JavaThread "C2 CompilerThread2" daemon [_thread_in_native, id=33232, stack(0x0000000ce6100000,0x0000000ce6200000)]
  0x0000017f8b72baf0 JavaThread "C1 CompilerThread1" daemon [_thread_blocked, id=36396, stack(0x0000000ce7300000,0x0000000ce7400000)]
  0x0000017f8b72d030 JavaThread "C1 CompilerThread2" daemon [_thread_blocked, id=16452, stack(0x0000000cf1200000,0x0000000cf1300000)]
  0x0000017f8b72f010 JavaThread "C1 CompilerThread3" daemon [_thread_blocked, id=3932, stack(0x0000000cf1c00000,0x0000000cf1d00000)]

Other Threads:
  0x0000017f4bda4410 VMThread "VM Thread" [stack: 0x0000000ce6800000,0x0000000ce6900000] [id=33524]
  0x0000017f2c9c6d30 WatcherThread [stack: 0x0000000ce7500000,0x0000000ce7600000] [id=12828]
  0x0000017f2ca35e10 GCTaskThread "GC Thread#0" [stack: 0x0000000ce6300000,0x0000000ce6400000] [id=34240]
  0x0000017f4c5aa2f0 GCTaskThread "GC Thread#1" [stack: 0x0000000ce7700000,0x0000000ce7800000] [id=29032]
  0x0000017f4c567840 GCTaskThread "GC Thread#2" [stack: 0x0000000ce7800000,0x0000000ce7900000] [id=18992]
  0x0000017f4c567b00 GCTaskThread "GC Thread#3" [stack: 0x0000000ce7900000,0x0000000ce7a00000] [id=34248]
  0x0000017f4c567dc0 GCTaskThread "GC Thread#4" [stack: 0x0000000ce7a00000,0x0000000ce7b00000] [id=34512]
  0x0000017f8780c170 GCTaskThread "GC Thread#5" [stack: 0x0000000ce7d00000,0x0000000ce7e00000] [id=34980]
  0x0000017f87855050 GCTaskThread "GC Thread#6" [stack: 0x0000000ce7e00000,0x0000000ce7f00000] [id=32936]
  0x0000017f87857320 GCTaskThread "GC Thread#7" [stack: 0x0000000ce7f00000,0x0000000ce8000000] [id=22496]
  0x0000017f8802e9f0 GCTaskThread "GC Thread#8" [stack: 0x0000000ce8e00000,0x0000000ce8f00000] [id=39800]
  0x0000017f8802ecb0 GCTaskThread "GC Thread#9" [stack: 0x0000000ce8f00000,0x0000000ce9000000] [id=31668]
  0x0000017f89d73490 GCTaskThread "GC Thread#10" [stack: 0x0000000ce9000000,0x0000000ce9100000] [id=37780]
  0x0000017f89d73750 GCTaskThread "GC Thread#11" [stack: 0x0000000ce9100000,0x0000000ce9200000] [id=36912]
  0x0000017f88c8ed40 GCTaskThread "GC Thread#12" [stack: 0x0000000ce9200000,0x0000000ce9300000] [id=38604]
  0x0000017f2ca47940 ConcurrentGCThread "G1 Main Marker" [stack: 0x0000000ce6400000,0x0000000ce6500000] [id=23420]
  0x0000017f2ca48a10 ConcurrentGCThread "G1 Conc#0" [stack: 0x0000000ce6500000,0x0000000ce6600000] [id=33184]
  0x0000017f8a767d10 ConcurrentGCThread "G1 Conc#1" [stack: 0x0000000ce9300000,0x0000000ce9400000] [id=34620]
  0x0000017f89a5d880 ConcurrentGCThread "G1 Conc#2" [stack: 0x0000000ce9400000,0x0000000ce9500000] [id=19112]
  0x0000017f4bc96460 ConcurrentGCThread "G1 Refine#0" [stack: 0x0000000ce6600000,0x0000000ce6700000] [id=11516]
  0x0000017f4bc97c50 ConcurrentGCThread "G1 Service" [stack: 0x0000000ce6700000,0x0000000ce6800000] [id=30824]

Threads with active compile tasks:
C2 CompilerThread0   109898 17288   !   4       java.nio.file.Files::walkFileTree (297 bytes)
C2 CompilerThread2   109898 17378 %     4       groovy.lang.MetaClassImpl::inheritInterfaceNewMetaMethods @ 129 (218 bytes)

VM state: not at safepoint (normal execution)

VM Mutex/Monitor currently owned by a thread: None

Heap address: 0x0000000700000000, size: 4096 MB, Compressed Oops mode: Zero based, Oop shift amount: 3

CDS archive(s) mapped at: [0x0000017f4d000000-0x0000017f4dc00000-0x0000017f4dc00000), size 12582912, SharedBaseAddress: 0x0000017f4d000000, ArchiveRelocationMode: 1.
Compressed class space mapped at: 0x0000017f4e000000-0x0000017f82000000, reserved size: 872415232
Narrow klass base: 0x0000017f4d000000, Narrow klass shift: 0, Narrow klass range: 0x100000000

GC Precious Log:
 CPUs: 16 total, 16 available
 Memory: 15773M
 Large Page Support: Disabled
 NUMA Support: Disabled
 Compressed Oops: Enabled (Zero based)
 Heap Region Size: 2M
 Heap Min Capacity: 8M
 Heap Initial Capacity: 248M
 Heap Max Capacity: 4G
 Pre-touch: Disabled
 Parallel Workers: 13
 Concurrent Workers: 3
 Concurrent Refinement Workers: 13
 Periodic GC: Disabled

Heap:
 garbage-first heap   total 274432K, used 212014K [0x0000000700000000, 0x0000000800000000)
  region size 2048K, 14 young (28672K), 3 survivors (6144K)
 Metaspace       used 117703K, committed 119040K, reserved 983040K
  class space    used 16886K, committed 17536K, reserved 851968K

Heap Regions: E=young(eden), S=young(survivor), O=old, HS=humongous(starts), HC=humongous(continues), CS=collection set, F=free, OA=open archive, CA=closed archive, TAMS=top-at-mark-start (previous, next)
|   0|0x0000000700000000, 0x0000000700200000, 0x0000000700200000|100%|HS|  |TAMS 0x0000000700200000, 0x0000000700000000| Complete 
|   1|0x0000000700200000, 0x0000000700400000, 0x0000000700400000|100%|HC|  |TAMS 0x0000000700400000, 0x0000000700200000| Complete 
|   2|0x0000000700400000, 0x0000000700600000, 0x0000000700600000|100%| O|  |TAMS 0x0000000700600000, 0x0000000700400000| Untracked 
|   3|0x0000000700600000, 0x0000000700800000, 0x0000000700800000|100%| O|  |TAMS 0x0000000700800000, 0x0000000700600000| Untracked 
|   4|0x0000000700800000, 0x0000000700a00000, 0x0000000700a00000|100%| O|  |TAMS 0x0000000700a00000, 0x0000000700800000| Untracked 
|   5|0x0000000700a00000, 0x0000000700c00000, 0x0000000700c00000|100%| O|  |TAMS 0x0000000700c00000, 0x0000000700a00000| Untracked 
|   6|0x0000000700c00000, 0x0000000700e00000, 0x0000000700e00000|100%| O|  |TAMS 0x0000000700e00000, 0x0000000700c00000| Untracked 
|   7|0x0000000700e00000, 0x0000000701000000, 0x0000000701000000|100%| O|  |TAMS 0x0000000701000000, 0x0000000700e00000| Untracked 
|   8|0x0000000701000000, 0x0000000701200000, 0x0000000701200000|100%| O|  |TAMS 0x0000000701200000, 0x0000000701000000| Untracked 
|   9|0x0000000701200000, 0x0000000701400000, 0x0000000701400000|100%| O|  |TAMS 0x0000000701400000, 0x0000000701200000| Untracked 
|  10|0x0000000701400000, 0x0000000701600000, 0x0000000701600000|100%| O|  |TAMS 0x0000000701600000, 0x0000000701400000| Untracked 
|  11|0x0000000701600000, 0x0000000701800000, 0x0000000701800000|100%| O|  |TAMS 0x0000000701800000, 0x0000000701600000| Untracked 
|  12|0x0000000701800000, 0x0000000701a00000, 0x0000000701a00000|100%|HS|  |TAMS 0x0000000701a00000, 0x0000000701800000| Complete 
|  13|0x0000000701a00000, 0x0000000701c00000, 0x0000000701c00000|100%|HC|  |TAMS 0x0000000701c00000, 0x0000000701a00000| Complete 
|  14|0x0000000701c00000, 0x0000000701e00000, 0x0000000701e00000|100%|HC|  |TAMS 0x0000000701e00000, 0x0000000701c00000| Complete 
|  15|0x0000000701e00000, 0x0000000702000000, 0x0000000702000000|100%| O|  |TAMS 0x0000000702000000, 0x0000000701e00000| Untracked 
|  16|0x0000000702000000, 0x0000000702200000, 0x0000000702200000|100%| O|  |TAMS 0x0000000702200000, 0x0000000702000000| Untracked 
|  17|0x0000000702200000, 0x0000000702400000, 0x0000000702400000|100%| O|  |TAMS 0x0000000702400000, 0x0000000702200000| Untracked 
|  18|0x0000000702400000, 0x0000000702600000, 0x0000000702600000|100%| O|  |TAMS 0x0000000702600000, 0x0000000702400000| Untracked 
|  19|0x0000000702600000, 0x0000000702800000, 0x0000000702800000|100%|HS|  |TAMS 0x0000000702800000, 0x0000000702600000| Complete 
|  20|0x0000000702800000, 0x0000000702a00000, 0x0000000702a00000|100%|HC|  |TAMS 0x0000000702a00000, 0x0000000702800000| Complete 
|  21|0x0000000702a00000, 0x0000000702c00000, 0x0000000702c00000|100%|HC|  |TAMS 0x0000000702c00000, 0x0000000702a00000| Complete 
|  22|0x0000000702c00000, 0x0000000702e00000, 0x0000000702e00000|100%| O|  |TAMS 0x0000000702e00000, 0x0000000702c00000| Untracked 
|  23|0x0000000702e00000, 0x0000000703000000, 0x0000000703000000|100%| O|  |TAMS 0x0000000703000000, 0x0000000702e00000| Untracked 
|  24|0x0000000703000000, 0x0000000703200000, 0x0000000703200000|100%| O|  |TAMS 0x0000000703200000, 0x0000000703000000| Untracked 
|  25|0x0000000703200000, 0x0000000703400000, 0x0000000703400000|100%| O|  |TAMS 0x0000000703400000, 0x0000000703200000| Untracked 
|  26|0x0000000703400000, 0x0000000703600000, 0x0000000703600000|100%| O|  |TAMS 0x0000000703600000, 0x0000000703400000| Untracked 
|  27|0x0000000703600000, 0x0000000703800000, 0x0000000703800000|100%| O|  |TAMS 0x0000000703800000, 0x0000000703600000| Untracked 
|  28|0x0000000703800000, 0x0000000703a00000, 0x0000000703a00000|100%| O|  |TAMS 0x0000000703a00000, 0x0000000703800000| Untracked 
|  29|0x0000000703a00000, 0x0000000703c00000, 0x0000000703c00000|100%| O|  |TAMS 0x0000000703a00000, 0x0000000703a00000| Untracked 
|  30|0x0000000703c00000, 0x0000000703e00000, 0x0000000703e00000|100%| O|  |TAMS 0x0000000703e00000, 0x0000000703c00000| Untracked 
|  31|0x0000000703e00000, 0x0000000704000000, 0x0000000704000000|100%| O|  |TAMS 0x0000000704000000, 0x0000000703e00000| Untracked 
|  32|0x0000000704000000, 0x0000000704200000, 0x0000000704200000|100%| O|  |TAMS 0x0000000704200000, 0x0000000704000000| Untracked 
|  33|0x0000000704200000, 0x0000000704400000, 0x0000000704400000|100%| O|  |TAMS 0x0000000704400000, 0x0000000704200000| Untracked 
|  34|0x0000000704400000, 0x0000000704600000, 0x0000000704600000|100%| O|  |TAMS 0x0000000704600000, 0x0000000704400000| Untracked 
|  35|0x0000000704600000, 0x0000000704800000, 0x0000000704800000|100%| O|  |TAMS 0x0000000704800000, 0x0000000704600000| Untracked 
|  36|0x0000000704800000, 0x0000000704a00000, 0x0000000704a00000|100%| O|  |TAMS 0x0000000704a00000, 0x0000000704800000| Untracked 
|  37|0x0000000704a00000, 0x0000000704c00000, 0x0000000704c00000|100%| O|  |TAMS 0x0000000704c00000, 0x0000000704a00000| Untracked 
|  38|0x0000000704c00000, 0x0000000704e00000, 0x0000000704e00000|100%| O|  |TAMS 0x0000000704e00000, 0x0000000704c00000| Untracked 
|  39|0x0000000704e00000, 0x0000000705000000, 0x0000000705000000|100%|HS|  |TAMS 0x0000000705000000, 0x0000000704e00000| Complete 
|  40|0x0000000705000000, 0x0000000705200000, 0x0000000705200000|100%|HC|  |TAMS 0x0000000705200000, 0x0000000705000000| Complete 
|  41|0x0000000705200000, 0x0000000705400000, 0x0000000705400000|100%|HS|  |TAMS 0x0000000705400000, 0x0000000705200000| Complete 
|  42|0x0000000705400000, 0x0000000705600000, 0x0000000705600000|100%|HC|  |TAMS 0x0000000705600000, 0x0000000705400000| Complete 
|  43|0x0000000705600000, 0x0000000705800000, 0x0000000705800000|100%| O|  |TAMS 0x0000000705600000, 0x0000000705600000| Untracked 
|  44|0x0000000705800000, 0x0000000705a00000, 0x0000000705a00000|100%| O|  |TAMS 0x0000000705a00000, 0x0000000705800000| Untracked 
|  45|0x0000000705a00000, 0x0000000705c00000, 0x0000000705c00000|100%| O|  |TAMS 0x0000000705c00000, 0x0000000705a00000| Untracked 
|  46|0x0000000705c00000, 0x0000000705e00000, 0x0000000705e00000|100%| O|  |TAMS 0x0000000705e00000, 0x0000000705c00000| Untracked 
|  47|0x0000000705e00000, 0x0000000706000000, 0x0000000706000000|100%| O|  |TAMS 0x0000000706000000, 0x0000000705e00000| Untracked 
|  48|0x0000000706000000, 0x0000000706200000, 0x0000000706200000|100%| O|  |TAMS 0x0000000706200000, 0x0000000706000000| Untracked 
|  49|0x0000000706200000, 0x0000000706400000, 0x0000000706400000|100%| O|  |TAMS 0x0000000706200000, 0x0000000706200000| Untracked 
|  50|0x0000000706400000, 0x0000000706600000, 0x0000000706600000|100%| O|  |TAMS 0x0000000706400000, 0x0000000706400000| Untracked 
|  51|0x0000000706600000, 0x0000000706800000, 0x0000000706800000|100%| O|  |TAMS 0x0000000706600000, 0x0000000706600000| Untracked 
|  52|0x0000000706800000, 0x0000000706a00000, 0x0000000706a00000|100%| O|  |TAMS 0x0000000706a00000, 0x0000000706800000| Untracked 
|  53|0x0000000706a00000, 0x0000000706c00000, 0x0000000706c00000|100%| O|  |TAMS 0x0000000706a00000, 0x0000000706a00000| Untracked 
|  54|0x0000000706c00000, 0x0000000706e00000, 0x0000000706e00000|100%| O|  |TAMS 0x0000000706e00000, 0x0000000706c00000| Untracked 
|  55|0x0000000706e00000, 0x0000000707000000, 0x0000000707000000|100%| O|  |TAMS 0x0000000707000000, 0x0000000706e00000| Untracked 
|  56|0x0000000707000000, 0x0000000707200000, 0x0000000707200000|100%| O|  |TAMS 0x0000000707200000, 0x0000000707000000| Untracked 
|  57|0x0000000707200000, 0x0000000707400000, 0x0000000707400000|100%| O|  |TAMS 0x0000000707400000, 0x0000000707200000| Untracked 
|  58|0x0000000707400000, 0x0000000707600000, 0x0000000707600000|100%| O|  |TAMS 0x0000000707400000, 0x0000000707400000| Untracked 
|  59|0x0000000707600000, 0x0000000707800000, 0x0000000707800000|100%|HS|  |TAMS 0x0000000707600000, 0x0000000707600000| Complete 
|  60|0x0000000707800000, 0x0000000707a00000, 0x0000000707a00000|100%| O|  |TAMS 0x0000000707800000, 0x0000000707800000| Untracked 
|  61|0x0000000707a00000, 0x0000000707c00000, 0x0000000707c00000|100%| O|  |TAMS 0x0000000707c00000, 0x0000000707a00000| Untracked 
|  62|0x0000000707c00000, 0x0000000707e00000, 0x0000000707e00000|100%| O|  |TAMS 0x0000000707e00000, 0x0000000707c00000| Untracked 
|  63|0x0000000707e00000, 0x0000000708000000, 0x0000000708000000|100%| O|  |TAMS 0x0000000708000000, 0x0000000707e00000| Untracked 
|  64|0x0000000708000000, 0x0000000708200000, 0x0000000708200000|100%| O|  |TAMS 0x0000000708200000, 0x0000000708000000| Untracked 
|  65|0x0000000708200000, 0x0000000708400000, 0x0000000708400000|100%| O|  |TAMS 0x0000000708400000, 0x0000000708200000| Untracked 
|  66|0x0000000708400000, 0x0000000708600000, 0x0000000708600000|100%| O|  |TAMS 0x0000000708600000, 0x0000000708400000| Untracked 
|  67|0x0000000708600000, 0x0000000708800000, 0x0000000708800000|100%| O|  |TAMS 0x0000000708800000, 0x0000000708600000| Untracked 
|  68|0x0000000708800000, 0x0000000708a00000, 0x0000000708a00000|100%|HS|  |TAMS 0x0000000708a00000, 0x0000000708800000| Complete 
|  69|0x0000000708a00000, 0x0000000708c00000, 0x0000000708c00000|100%|HC|  |TAMS 0x0000000708c00000, 0x0000000708a00000| Complete 
|  70|0x0000000708c00000, 0x0000000708e00000, 0x0000000708e00000|100%| O|  |TAMS 0x0000000708e00000, 0x0000000708c00000| Untracked 
|  71|0x0000000708e00000, 0x0000000709000000, 0x0000000709000000|100%| O|  |TAMS 0x0000000709000000, 0x0000000708e00000| Untracked 
|  72|0x0000000709000000, 0x0000000709200000, 0x0000000709200000|100%| O|  |TAMS 0x0000000709200000, 0x0000000709000000| Untracked 
|  73|0x0000000709200000, 0x0000000709400000, 0x0000000709400000|100%| O|  |TAMS 0x0000000709400000, 0x0000000709200000| Untracked 
|  74|0x0000000709400000, 0x0000000709600000, 0x0000000709600000|100%| O|  |TAMS 0x0000000709600000, 0x0000000709400000| Untracked 
|  75|0x0000000709600000, 0x0000000709800000, 0x0000000709800000|100%| O|  |TAMS 0x0000000709800000, 0x0000000709600000| Untracked 
|  76|0x0000000709800000, 0x0000000709a00000, 0x0000000709a00000|100%| O|  |TAMS 0x0000000709a00000, 0x0000000709800000| Untracked 
|  77|0x0000000709a00000, 0x0000000709c00000, 0x0000000709c00000|100%| O|  |TAMS 0x0000000709c00000, 0x0000000709a00000| Untracked 
|  78|0x0000000709c00000, 0x0000000709e00000, 0x0000000709e00000|100%| O|  |TAMS 0x0000000709e00000, 0x0000000709c00000| Untracked 
|  79|0x0000000709e00000, 0x000000070a000000, 0x000000070a000000|100%| O|  |TAMS 0x000000070a000000, 0x0000000709e00000| Untracked 
|  80|0x000000070a000000, 0x000000070a200000, 0x000000070a200000|100%| O|  |TAMS 0x000000070a193400, 0x000000070a000000| Untracked 
|  81|0x000000070a200000, 0x000000070a400000, 0x000000070a400000|100%| O|  |TAMS 0x000000070a200000, 0x000000070a200000| Untracked 
|  82|0x000000070a400000, 0x000000070a600000, 0x000000070a600000|100%| O|  |TAMS 0x000000070a400000, 0x000000070a400000| Untracked 
|  83|0x000000070a600000, 0x000000070a800000, 0x000000070a800000|100%| O|  |TAMS 0x000000070a600000, 0x000000070a600000| Untracked 
|  84|0x000000070a800000, 0x000000070aa00000, 0x000000070aa00000|100%| O|  |TAMS 0x000000070a800000, 0x000000070a800000| Untracked 
|  85|0x000000070aa00000, 0x000000070ac00000, 0x000000070ac00000|100%| O|  |TAMS 0x000000070aa00000, 0x000000070aa00000| Untracked 
|  86|0x000000070ac00000, 0x000000070ae00000, 0x000000070ae00000|100%| O|  |TAMS 0x000000070ac00000, 0x000000070ac00000| Untracked 
|  87|0x000000070ae00000, 0x000000070b000000, 0x000000070b000000|100%| O|  |TAMS 0x000000070ae00000, 0x000000070ae00000| Untracked 
|  88|0x000000070b000000, 0x000000070b200000, 0x000000070b200000|100%| O|  |TAMS 0x000000070b000000, 0x000000070b000000| Untracked 
|  89|0x000000070b200000, 0x000000070b400000, 0x000000070b400000|100%| O|  |TAMS 0x000000070b200000, 0x000000070b200000| Untracked 
|  90|0x000000070b400000, 0x000000070b600000, 0x000000070b600000|100%| O|  |TAMS 0x000000070b400000, 0x000000070b400000| Untracked 
|  91|0x000000070b600000, 0x000000070b70ba00, 0x000000070b800000| 52%| O|  |TAMS 0x000000070b600000, 0x000000070b600000| Untracked 
|  92|0x000000070b800000, 0x000000070b800000, 0x000000070ba00000|  0%| F|  |TAMS 0x000000070b800000, 0x000000070b800000| Untracked 
|  93|0x000000070ba00000, 0x000000070ba00000, 0x000000070bc00000|  0%| F|  |TAMS 0x000000070ba00000, 0x000000070ba00000| Untracked 
|  94|0x000000070bc00000, 0x000000070bc00000, 0x000000070be00000|  0%| F|  |TAMS 0x000000070bc00000, 0x000000070bc00000| Untracked 
|  95|0x000000070be00000, 0x000000070be00000, 0x000000070c000000|  0%| F|  |TAMS 0x000000070be00000, 0x000000070be00000| Untracked 
|  96|0x000000070c000000, 0x000000070c000000, 0x000000070c200000|  0%| F|  |TAMS 0x000000070c000000, 0x000000070c000000| Untracked 
|  97|0x000000070c200000, 0x000000070c200000, 0x000000070c400000|  0%| F|  |TAMS 0x000000070c200000, 0x000000070c200000| Untracked 
|  98|0x000000070c400000, 0x000000070c400000, 0x000000070c600000|  0%| F|  |TAMS 0x000000070c400000, 0x000000070c400000| Untracked 
|  99|0x000000070c600000, 0x000000070c600000, 0x000000070c800000|  0%| F|  |TAMS 0x000000070c600000, 0x000000070c600000| Untracked 
| 100|0x000000070c800000, 0x000000070c800000, 0x000000070ca00000|  0%| F|  |TAMS 0x000000070c800000, 0x000000070c800000| Untracked 
| 101|0x000000070ca00000, 0x000000070ca00000, 0x000000070cc00000|  0%| F|  |TAMS 0x000000070ca00000, 0x000000070ca00000| Untracked 
| 102|0x000000070cc00000, 0x000000070cc00000, 0x000000070ce00000|  0%| F|  |TAMS 0x000000070cc00000, 0x000000070cc00000| Untracked 
| 103|0x000000070ce00000, 0x000000070ce00000, 0x000000070d000000|  0%| F|  |TAMS 0x000000070ce00000, 0x000000070ce00000| Untracked 
| 104|0x000000070d000000, 0x000000070d000000, 0x000000070d200000|  0%| F|  |TAMS 0x000000070d000000, 0x000000070d000000| Untracked 
| 105|0x000000070d200000, 0x000000070d200000, 0x000000070d400000|  0%| F|  |TAMS 0x000000070d200000, 0x000000070d200000| Untracked 
| 106|0x000000070d400000, 0x000000070d400000, 0x000000070d600000|  0%| F|  |TAMS 0x000000070d400000, 0x000000070d400000| Untracked 
| 107|0x000000070d600000, 0x000000070d600000, 0x000000070d800000|  0%| F|  |TAMS 0x000000070d600000, 0x000000070d600000| Untracked 
| 108|0x000000070d800000, 0x000000070d800000, 0x000000070da00000|  0%| F|  |TAMS 0x000000070d800000, 0x000000070d800000| Untracked 
| 109|0x000000070da00000, 0x000000070dc00000, 0x000000070dc00000|100%| S|CS|TAMS 0x000000070da00000, 0x000000070da00000| Complete 
| 110|0x000000070dc00000, 0x000000070de00000, 0x000000070de00000|100%| S|CS|TAMS 0x000000070dc00000, 0x000000070dc00000| Complete 
| 111|0x000000070de00000, 0x000000070de00000, 0x000000070e000000|  0%| F|  |TAMS 0x000000070de00000, 0x000000070de00000| Untracked 
| 112|0x000000070e000000, 0x000000070e000000, 0x000000070e200000|  0%| F|  |TAMS 0x000000070e000000, 0x000000070e000000| Untracked 
| 113|0x000000070e200000, 0x000000070e400000, 0x000000070e400000|100%| S|CS|TAMS 0x000000070e200000, 0x000000070e200000| Complete 
| 114|0x000000070e400000, 0x000000070e400000, 0x000000070e600000|  0%| F|  |TAMS 0x000000070e400000, 0x000000070e400000| Untracked 
| 115|0x000000070e600000, 0x000000070e600000, 0x000000070e800000|  0%| F|  |TAMS 0x000000070e600000, 0x000000070e600000| Untracked 
| 116|0x000000070e800000, 0x000000070e800000, 0x000000070ea00000|  0%| F|  |TAMS 0x000000070e800000, 0x000000070e800000| Untracked 
| 117|0x000000070ea00000, 0x000000070ea00000, 0x000000070ec00000|  0%| F|  |TAMS 0x000000070ea00000, 0x000000070ea00000| Untracked 
| 118|0x000000070ec00000, 0x000000070ec00000, 0x000000070ee00000|  0%| F|  |TAMS 0x000000070ec00000, 0x000000070ec00000| Untracked 
| 119|0x000000070ee00000, 0x000000070ee00000, 0x000000070f000000|  0%| F|  |TAMS 0x000000070ee00000, 0x000000070ee00000| Untracked 
| 120|0x000000070f000000, 0x000000070f000000, 0x000000070f200000|  0%| F|  |TAMS 0x000000070f000000, 0x000000070f000000| Untracked 
| 121|0x000000070f200000, 0x000000070f200000, 0x000000070f400000|  0%| F|  |TAMS 0x000000070f200000, 0x000000070f200000| Untracked 
| 122|0x000000070f400000, 0x000000070f400000, 0x000000070f600000|  0%| F|  |TAMS 0x000000070f400000, 0x000000070f400000| Untracked 
| 123|0x000000070f600000, 0x000000070f6fa8f8, 0x000000070f800000| 48%| E|  |TAMS 0x000000070f600000, 0x000000070f600000| Complete 
| 124|0x000000070f800000, 0x000000070fa00000, 0x000000070fa00000|100%| E|CS|TAMS 0x000000070f800000, 0x000000070f800000| Complete 
| 125|0x000000070fa00000, 0x000000070fc00000, 0x000000070fc00000|100%| E|CS|TAMS 0x000000070fa00000, 0x000000070fa00000| Complete 
| 126|0x000000070fc00000, 0x000000070fe00000, 0x000000070fe00000|100%| E|CS|TAMS 0x000000070fc00000, 0x000000070fc00000| Complete 
| 127|0x000000070fe00000, 0x0000000710000000, 0x0000000710000000|100%| E|CS|TAMS 0x000000070fe00000, 0x000000070fe00000| Complete 
| 128|0x0000000710000000, 0x0000000710200000, 0x0000000710200000|100%| E|CS|TAMS 0x0000000710000000, 0x0000000710000000| Complete 
| 129|0x0000000710200000, 0x0000000710400000, 0x0000000710400000|100%| E|CS|TAMS 0x0000000710200000, 0x0000000710200000| Complete 
| 130|0x0000000710400000, 0x0000000710600000, 0x0000000710600000|100%| E|CS|TAMS 0x0000000710400000, 0x0000000710400000| Complete 
| 131|0x0000000710600000, 0x0000000710800000, 0x0000000710800000|100%| E|  |TAMS 0x0000000710600000, 0x0000000710600000| Complete 
| 132|0x0000000710800000, 0x0000000710a00000, 0x0000000710a00000|100%| E|CS|TAMS 0x0000000710800000, 0x0000000710800000| Complete 
| 133|0x0000000710a00000, 0x0000000710c00000, 0x0000000710c00000|100%| E|CS|TAMS 0x0000000710a00000, 0x0000000710a00000| Complete 

Card table byte_map: [0x0000017f40230000,0x0000017f40a30000] _byte_map_base: 0x0000017f3ca30000

Marking Bits (Prev, Next): (CMBitMap*) 0x0000017f2ca36340, (CMBitMap*) 0x0000017f2ca36380
 Prev Bits: [0x0000017f41230000, 0x0000017f45230000)
 Next Bits: [0x0000017f45230000, 0x0000017f49230000)

Polling page: 0x0000017f2a8a0000

Metaspace:

Usage:
  Non-class:     98.45 MB used.
      Class:     16.49 MB used.
       Both:    114.95 MB used.

Virtual space:
  Non-class space:      128.00 MB reserved,      99.12 MB ( 77%) committed,  2 nodes.
      Class space:      832.00 MB reserved,      17.12 MB (  2%) committed,  1 nodes.
             Both:      960.00 MB reserved,     116.25 MB ( 12%) committed. 

Chunk freelists:
   Non-Class:  12.77 MB
       Class:  14.71 MB
        Both:  27.48 MB

MaxMetaspaceSize: 1.00 GB
CompressedClassSpaceSize: 832.00 MB
Initial GC threshold: 21.00 MB
Current GC threshold: 180.75 MB
CDS: on
MetaspaceReclaimPolicy: balanced
 - commit_granule_bytes: 65536.
 - commit_granule_words: 8192.
 - virtual_space_node_default_size: 8388608.
 - enlarge_chunks_in_place: 1.
 - new_chunks_are_fully_committed: 0.
 - uncommit_free_chunks: 1.
 - use_allocation_guard: 0.
 - handle_deallocations: 1.


Internal statistics:

num_allocs_failed_limit: 12.
num_arena_births: 2144.
num_arena_deaths: 2.
num_vsnodes_births: 3.
num_vsnodes_deaths: 0.
num_space_committed: 1860.
num_space_uncommitted: 0.
num_chunks_returned_to_freelist: 18.
num_chunks_taken_from_freelist: 7674.
num_chunk_merges: 12.
num_chunk_splits: 4921.
num_chunks_enlarged: 3084.
num_inconsistent_stats: 0.

CodeHeap 'non-profiled nmethods': size=119168Kb used=9634Kb max_used=9634Kb free=109533Kb
 bounds [0x0000017f37d40000, 0x0000017f386b0000, 0x0000017f3f1a0000]
CodeHeap 'profiled nmethods': size=119104Kb used=30149Kb max_used=30149Kb free=88954Kb
 bounds [0x0000017f301a0000, 0x0000017f31f20000, 0x0000017f375f0000]
CodeHeap 'non-nmethods': size=7488Kb used=3453Kb max_used=3471Kb free=4034Kb
 bounds [0x0000017f375f0000, 0x0000017f37980000, 0x0000017f37d40000]
 total_blobs=15920 nmethods=15059 adapters=769
 compilation: enabled
              stopped_count=0, restarted_count=0
 full_count=0

Compilation events (20 events):
Event: 107.015 Thread 0x0000017f4c2939b0 17338       3       kotlin.text.StringsKt__StringsKt::split$default (26 bytes)
Event: 107.015 Thread 0x0000017f4c2939b0 nmethod 17338 0x0000017f31e9df90 code [0x0000017f31e9e140, 0x0000017f31e9e2c8]
Event: 107.015 Thread 0x0000017f4c2939b0 17339       3       kotlin.text.StringsKt__StringsKt::split (165 bytes)
Event: 107.017 Thread 0x0000017f4c2939b0 nmethod 17339 0x0000017f31e9e390 code [0x0000017f31e9e7c0, 0x0000017f31ea0518]
Event: 107.018 Thread 0x0000017f4c2939b0 17340       3       org.jetbrains.kotlin.gradle.plugin.KotlinPluginLifecycleImpl::enqueue (161 bytes)
Event: 107.021 Thread 0x0000017f4c2939b0 nmethod 17340 0x0000017f31ea1090 code [0x0000017f31ea1560, 0x0000017f31ea3768]
Event: 107.021 Thread 0x0000017f4c2939b0 17341       3       org.codehaus.groovy.vmplugin.v8.Selector$MethodSelector::getMetaClass (188 bytes)
Event: 107.023 Thread 0x0000017f4c2939b0 nmethod 17341 0x0000017f31ea4290 code [0x0000017f31ea4600, 0x0000017f31ea65d8]
Event: 107.023 Thread 0x0000017f4c2939b0 17342       3       kotlin.text.CharsKt__CharJVMKt::digitOf (6 bytes)
Event: 107.024 Thread 0x0000017f4c2939b0 nmethod 17342 0x0000017f31ea6d10 code [0x0000017f31ea6ec0, 0x0000017f31ea7118]
Event: 107.036 Thread 0x0000017f4c2939b0 17343       3       org.gradle.internal.instrumentation.api.groovybytecode.InterceptScope::methodsNamed (12 bytes)
Event: 107.036 Thread 0x0000017f4c2939b0 nmethod 17343 0x0000017f31ea7210 code [0x0000017f31ea73c0, 0x0000017f31ea7778]
Event: 107.038 Thread 0x0000017f4c2939b0 17344       3       com.fasterxml.jackson.core.json.WriterBasedJsonGenerator::_writeString (90 bytes)
Event: 107.039 Thread 0x0000017f4c2939b0 nmethod 17344 0x0000017f31ea7910 code [0x0000017f31ea7b40, 0x0000017f31ea8058]
Event: 107.039 Thread 0x0000017f4c2939b0 17345       3       org.gradle.internal.classpath.intercept.DefaultCallSiteDecorator::maybeApplyInterceptor (97 bytes)
Event: 107.041 Thread 0x0000017f4c2939b0 nmethod 17345 0x0000017f31ea8210 code [0x0000017f31ea8440, 0x0000017f31ea8eb8]
Event: 107.043 Thread 0x0000017f4c2939b0 17346       3       org.codehaus.groovy.reflection.ClassInfo::setWeakMetaClass (37 bytes)
Event: 107.056 Thread 0x0000017f4c2939b0 nmethod 17346 0x0000017f31ea9310 code [0x0000017f31ea9520, 0x0000017f31ea9b78]
Event: 107.117 Thread 0x0000017f4c2939b0 17347       3       java.util.concurrent.ScheduledThreadPoolExecutor$DelayedWorkQueue::setIndex (16 bytes)
Event: 107.117 Thread 0x0000017f4c2939b0 nmethod 17347 0x0000017f31ea9e10 code [0x0000017f31ea9fc0, 0x0000017f31eaa2d8]

GC Heap History (20 events):
Event: 85.567 GC heap before
{Heap before GC invocations=56 (full 0):
 garbage-first heap   total 274432K, used 225923K [0x0000000700000000, 0x0000000800000000)
  region size 2048K, 37 young (75776K), 1 survivors (2048K)
 Metaspace       used 109653K, committed 110912K, reserved 983040K
  class space    used 15692K, committed 16256K, reserved 851968K
}
Event: 85.573 GC heap after
{Heap after GC invocations=57 (full 0):
 garbage-first heap   total 274432K, used 153152K [0x0000000700000000, 0x0000000800000000)
  region size 2048K, 1 young (2048K), 1 survivors (2048K)
 Metaspace       used 109653K, committed 110912K, reserved 983040K
  class space    used 15692K, committed 16256K, reserved 851968K
}
Event: 91.732 GC heap before
{Heap before GC invocations=58 (full 0):
 garbage-first heap   total 274432K, used 228928K [0x0000000700000000, 0x0000000800000000)
  region size 2048K, 38 young (77824K), 1 survivors (2048K)
 Metaspace       used 113968K, committed 115200K, reserved 983040K
  class space    used 16358K, committed 16960K, reserved 851968K
}
Event: 91.737 GC heap after
{Heap after GC invocations=59 (full 0):
 garbage-first heap   total 274432K, used 155767K [0x0000000700000000, 0x0000000800000000)
  region size 2048K, 3 young (6144K), 3 survivors (6144K)
 Metaspace       used 113968K, committed 115200K, reserved 983040K
  class space    used 16358K, committed 16960K, reserved 851968K
}
Event: 92.783 GC heap before
{Heap before GC invocations=59 (full 0):
 garbage-first heap   total 274432K, used 159863K [0x0000000700000000, 0x0000000800000000)
  region size 2048K, 6 young (12288K), 3 survivors (6144K)
 Metaspace       used 114354K, committed 115584K, reserved 983040K
  class space    used 16413K, committed 17024K, reserved 851968K
}
Event: 92.792 GC heap after
{Heap after GC invocations=60 (full 0):
 garbage-first heap   total 274432K, used 154337K [0x0000000700000000, 0x0000000800000000)
  region size 2048K, 1 young (2048K), 1 survivors (2048K)
 Metaspace       used 114354K, committed 115584K, reserved 983040K
  class space    used 16413K, committed 17024K, reserved 851968K
}
Event: 100.533 GC heap before
{Heap before GC invocations=60 (full 0):
 garbage-first heap   total 274432K, used 228065K [0x0000000700000000, 0x0000000800000000)
  region size 2048K, 38 young (77824K), 1 survivors (2048K)
 Metaspace       used 115685K, committed 117056K, reserved 983040K
  class space    used 16584K, committed 17216K, reserved 851968K
}
Event: 100.541 GC heap after
{Heap after GC invocations=61 (full 0):
 garbage-first heap   total 274432K, used 163682K [0x0000000700000000, 0x0000000800000000)
  region size 2048K, 5 young (10240K), 5 survivors (10240K)
 Metaspace       used 115685K, committed 117056K, reserved 983040K
  class space    used 16584K, committed 17216K, reserved 851968K
}
Event: 101.823 GC heap before
{Heap before GC invocations=61 (full 0):
 garbage-first heap   total 274432K, used 225122K [0x0000000700000000, 0x0000000800000000)
  region size 2048K, 36 young (73728K), 5 survivors (10240K)
 Metaspace       used 115687K, committed 117056K, reserved 983040K
  class space    used 16584K, committed 17216K, reserved 851968K
}
Event: 101.830 GC heap after
{Heap after GC invocations=62 (full 0):
 garbage-first heap   total 274432K, used 165668K [0x0000000700000000, 0x0000000800000000)
  region size 2048K, 3 young (6144K), 3 survivors (6144K)
 Metaspace       used 115687K, committed 117056K, reserved 983040K
  class space    used 16584K, committed 17216K, reserved 851968K
}
Event: 103.547 GC heap before
{Heap before GC invocations=62 (full 0):
 garbage-first heap   total 274432K, used 227108K [0x0000000700000000, 0x0000000800000000)
  region size 2048K, 34 young (69632K), 3 survivors (6144K)
 Metaspace       used 115687K, committed 117056K, reserved 983040K
  class space    used 16584K, committed 17216K, reserved 851968K
}
Event: 103.551 GC heap after
{Heap after GC invocations=63 (full 0):
 garbage-first heap   total 274432K, used 166919K [0x0000000700000000, 0x0000000800000000)
  region size 2048K, 3 young (6144K), 3 survivors (6144K)
 Metaspace       used 115687K, committed 117056K, reserved 983040K
  class space    used 16584K, committed 17216K, reserved 851968K
}
Event: 106.216 GC heap before
{Heap before GC invocations=63 (full 0):
 garbage-first heap   total 274432K, used 228359K [0x0000000700000000, 0x0000000800000000)
  region size 2048K, 33 young (67584K), 3 survivors (6144K)
 Metaspace       used 117391K, committed 118720K, reserved 983040K
  class space    used 16856K, committed 17472K, reserved 851968K
}
Event: 106.225 GC heap after
{Heap after GC invocations=64 (full 0):
 garbage-first heap   total 274432K, used 181819K [0x0000000700000000, 0x0000000800000000)
  region size 2048K, 5 young (10240K), 5 survivors (10240K)
 Metaspace       used 117391K, committed 118720K, reserved 983040K
  class space    used 16856K, committed 17472K, reserved 851968K
}
Event: 106.581 GC heap before
{Heap before GC invocations=64 (full 0):
 garbage-first heap   total 274432K, used 222779K [0x0000000700000000, 0x0000000800000000)
  region size 2048K, 26 young (53248K), 5 survivors (10240K)
 Metaspace       used 117407K, committed 118720K, reserved 983040K
  class space    used 16856K, committed 17472K, reserved 851968K
}
Event: 106.588 GC heap after
{Heap after GC invocations=65 (full 0):
 garbage-first heap   total 274432K, used 187099K [0x0000000700000000, 0x0000000800000000)
  region size 2048K, 3 young (6144K), 3 survivors (6144K)
 Metaspace       used 117407K, committed 118720K, reserved 983040K
  class space    used 16856K, committed 17472K, reserved 851968K
}
Event: 106.711 GC heap before
{Heap before GC invocations=65 (full 0):
 garbage-first heap   total 274432K, used 226011K [0x0000000700000000, 0x0000000800000000)
  region size 2048K, 23 young (47104K), 3 survivors (6144K)
 Metaspace       used 117408K, committed 118720K, reserved 983040K
  class space    used 16856K, committed 17472K, reserved 851968K
}
Event: 106.716 GC heap after
{Heap after GC invocations=66 (full 0):
 garbage-first heap   total 274432K, used 188604K [0x0000000700000000, 0x0000000800000000)
  region size 2048K, 3 young (6144K), 3 survivors (6144K)
 Metaspace       used 117408K, committed 118720K, reserved 983040K
  class space    used 16856K, committed 17472K, reserved 851968K
}
Event: 106.816 GC heap before
{Heap before GC invocations=66 (full 0):
 garbage-first heap   total 274432K, used 225468K [0x0000000700000000, 0x0000000800000000)
  region size 2048K, 22 young (45056K), 3 survivors (6144K)
 Metaspace       used 117408K, committed 118720K, reserved 983040K
  class space    used 16856K, committed 17472K, reserved 851968K
}
Event: 106.820 GC heap after
{Heap after GC invocations=67 (full 0):
 garbage-first heap   total 274432K, used 189636K [0x0000000700000000, 0x0000000800000000)
  region size 2048K, 3 young (6144K), 3 survivors (6144K)
 Metaspace       used 117408K, committed 118720K, reserved 983040K
  class space    used 16856K, committed 17472K, reserved 851968K
}

Dll operation events (4 events):
Event: 0.040 Loaded shared library C:\Users\omlok\.jdks\jbr-17.0.14\bin\java.dll
Event: 0.082 Loaded shared library C:\Users\omlok\.jdks\jbr-17.0.14\bin\jsvml.dll
Event: 0.270 Loaded shared library C:\Users\omlok\.jdks\jbr-17.0.14\bin\zip.dll
Event: 1.977 Loaded shared library C:\Users\omlok\.jdks\jbr-17.0.14\bin\verify.dll

Deoptimization events (20 events):
Event: 106.530 Thread 0x0000017f86bc6b50 Uncommon trap: trap_request=0xffffffd6 fr.pc=0x0000017f38638a74 relative=0x00000000000006b4
Event: 106.530 Thread 0x0000017f86bc6b50 Uncommon trap: reason=array_check action=maybe_recompile pc=0x0000017f38638a74 method=java.util.ComparableTimSort.binarySort([Ljava/lang/Object;III)V @ 215 c2
Event: 106.530 Thread 0x0000017f86bc6b50 DEOPT PACKING pc=0x0000017f38638a74 sp=0x0000000ce85f6900
Event: 106.530 Thread 0x0000017f86bc6b50 DEOPT UNPACKING pc=0x0000017f376469a3 sp=0x0000000ce85f68a0 mode 2
Event: 106.530 Thread 0x0000017f86bc6b50 Uncommon trap: trap_request=0xffffffd6 fr.pc=0x0000017f38638c3c relative=0x000000000000087c
Event: 106.530 Thread 0x0000017f86bc6b50 Uncommon trap: reason=array_check action=maybe_recompile pc=0x0000017f38638c3c method=java.util.ComparableTimSort.binarySort([Ljava/lang/Object;III)V @ 183 c2
Event: 106.530 Thread 0x0000017f86bc6b50 DEOPT PACKING pc=0x0000017f38638c3c sp=0x0000000ce85f6900
Event: 106.530 Thread 0x0000017f86bc6b50 DEOPT UNPACKING pc=0x0000017f376469a3 sp=0x0000000ce85f68a0 mode 2
Event: 106.530 Thread 0x0000017f86bc6b50 Uncommon trap: trap_request=0xffffffd6 fr.pc=0x0000017f38638a74 relative=0x00000000000006b4
Event: 106.530 Thread 0x0000017f86bc6b50 Uncommon trap: reason=array_check action=maybe_recompile pc=0x0000017f38638a74 method=java.util.ComparableTimSort.binarySort([Ljava/lang/Object;III)V @ 215 c2
Event: 106.530 Thread 0x0000017f86bc6b50 DEOPT PACKING pc=0x0000017f38638a74 sp=0x0000000ce85f6900
Event: 106.530 Thread 0x0000017f86bc6b50 DEOPT UNPACKING pc=0x0000017f376469a3 sp=0x0000000ce85f68a0 mode 2
Event: 106.530 Thread 0x0000017f86bc6b50 Uncommon trap: trap_request=0xffffffd6 fr.pc=0x0000017f38638b88 relative=0x00000000000007c8
Event: 106.530 Thread 0x0000017f86bc6b50 Uncommon trap: reason=array_check action=maybe_recompile pc=0x0000017f38638b88 method=java.util.ComparableTimSort.binarySort([Ljava/lang/Object;III)V @ 193 c2
Event: 106.530 Thread 0x0000017f86bc6b50 DEOPT PACKING pc=0x0000017f38638b88 sp=0x0000000ce85f6900
Event: 106.530 Thread 0x0000017f86bc6b50 DEOPT UNPACKING pc=0x0000017f376469a3 sp=0x0000000ce85f68a0 mode 2
Event: 106.530 Thread 0x0000017f86bc6b50 Uncommon trap: trap_request=0xffffffd6 fr.pc=0x0000017f38638b88 relative=0x00000000000007c8
Event: 106.530 Thread 0x0000017f86bc6b50 Uncommon trap: reason=array_check action=maybe_recompile pc=0x0000017f38638b88 method=java.util.ComparableTimSort.binarySort([Ljava/lang/Object;III)V @ 193 c2
Event: 106.530 Thread 0x0000017f86bc6b50 DEOPT PACKING pc=0x0000017f38638b88 sp=0x0000000ce85f6900
Event: 106.530 Thread 0x0000017f86bc6b50 DEOPT UNPACKING pc=0x0000017f376469a3 sp=0x0000000ce85f68a0 mode 2

Classes loaded (20 events):
Event: 103.979 Loading class java/util/AbstractListBeanInfo
Event: 103.979 Loading class java/util/AbstractListBeanInfo done
Event: 103.979 Loading class java/util/AbstractListBeanInfo
Event: 103.979 Loading class java/util/AbstractListBeanInfo done
Event: 103.980 Loading class java/util/AbstractListCustomizer
Event: 103.980 Loading class java/util/AbstractListCustomizer done
Event: 103.980 Loading class java/util/AbstractListCustomizer
Event: 103.980 Loading class java/util/AbstractListCustomizer done
Event: 103.982 Loading class java/util/ArrayListCustomizer
Event: 103.982 Loading class java/util/ArrayListCustomizer done
Event: 103.983 Loading class java/util/ArrayListCustomizer
Event: 103.983 Loading class java/util/ArrayListCustomizer done
Event: 104.073 Loading class java/lang/EnumBeanInfo
Event: 104.073 Loading class java/lang/EnumBeanInfo done
Event: 104.073 Loading class java/lang/EnumBeanInfo
Event: 104.073 Loading class java/lang/EnumBeanInfo done
Event: 104.073 Loading class java/lang/EnumCustomizer
Event: 104.073 Loading class java/lang/EnumCustomizer done
Event: 104.074 Loading class java/lang/EnumCustomizer
Event: 104.074 Loading class java/lang/EnumCustomizer done

Classes unloaded (9 events):
Event: 27.187 Thread 0x0000017f4bda4410 Unloading class 0x0000017f4e79d968 '_BuildScript_$_run_closure1$_closure3'
Event: 27.187 Thread 0x0000017f4bda4410 Unloading class 0x0000017f4e79d558 '_BuildScript_$_run_closure1$_closure2'
Event: 27.187 Thread 0x0000017f4bda4410 Unloading class 0x0000017f4e79d148 '_BuildScript_$_run_closure1'
Event: 27.187 Thread 0x0000017f4bda4410 Unloading class 0x0000017f4e79cc30 '_BuildScript_'
Event: 27.187 Thread 0x0000017f4bda4410 Unloading class 0x0000017f4e79c820 'JetGradlePlugin$_apply_closure1$_closure2$_closure3'
Event: 27.187 Thread 0x0000017f4bda4410 Unloading class 0x0000017f4e79c410 'JetGradlePlugin$_apply_closure1$_closure2'
Event: 27.187 Thread 0x0000017f4bda4410 Unloading class 0x0000017f4e79c000 'JetGradlePlugin$_apply_closure1'
Event: 27.187 Thread 0x0000017f4bda4410 Unloading class 0x0000017f4e790af0 'JetGradlePlugin'
Event: 27.187 Thread 0x0000017f4bda4410 Unloading class 0x0000017f4e790800 'RegistryProcessor'

Classes redefined (0 events):
No events

Internal exceptions (20 events):
Event: 104.043 Thread 0x0000017f86bc6b50 Exception <a 'java/lang/ClassNotFoundException'{0x000000070ec23598}: build_2olidovac59ed7dx3gd9s47fh$_run_closure1Customizer> (0x000000070ec23598) 
thrown [s\src\hotspot\share\classfile\systemDictionary.cpp, line 256]
Event: 104.063 Thread 0x0000017f86bc6b50 Exception <a 'java/lang/ClassNotFoundException'{0x000000070ed4d9b8}: com/android/build/gradle/internal/dsl/LintOptions_DecoratedBeanInfo> (0x000000070ed4d9b8) 
thrown [s\src\hotspot\share\classfile\systemDictionary.cpp, line 256]
Event: 104.064 Thread 0x0000017f86bc6b50 Exception <a 'java/lang/ClassNotFoundException'{0x000000070ed62648}: com/android/build/gradle/internal/dsl/LintOptionsBeanInfo> (0x000000070ed62648) 
thrown [s\src\hotspot\share\classfile\systemDictionary.cpp, line 256]
Event: 104.065 Thread 0x0000017f86bc6b50 Exception <a 'java/lang/ClassNotFoundException'{0x000000070ed76580}: com/android/build/gradle/internal/dsl/LintOptionsCustomizer> (0x000000070ed76580) 
thrown [s\src\hotspot\share\classfile\systemDictionary.cpp, line 256]
Event: 104.067 Thread 0x0000017f86bc6b50 Exception <a 'java/lang/ClassNotFoundException'{0x000000070edc88a0}: com/android/build/gradle/internal/dsl/LintOptions_DecoratedCustomizer> (0x000000070edc88a0) 
thrown [s\src\hotspot\share\classfile\systemDictionary.cpp, line 256]
Event: 104.073 Thread 0x0000017f86bc6b50 Exception <a 'java/lang/ClassNotFoundException'{0x000000070ea347d0}: org/gradle/api/JavaVersionBeanInfo> (0x000000070ea347d0) 
thrown [s\src\hotspot\share\classfile\systemDictionary.cpp, line 256]
Event: 104.073 Thread 0x0000017f86bc6b50 Exception <a 'java/lang/ClassNotFoundException'{0x000000070ea41d98}: java/lang/EnumBeanInfo> (0x000000070ea41d98) 
thrown [s\src\hotspot\share\classfile\systemDictionary.cpp, line 256]
Event: 104.074 Thread 0x0000017f86bc6b50 Exception <a 'java/lang/ClassNotFoundException'{0x000000070ea4f418}: java/lang/EnumCustomizer> (0x000000070ea4f418) 
thrown [s\src\hotspot\share\classfile\systemDictionary.cpp, line 256]
Event: 104.076 Thread 0x0000017f86bc6b50 Exception <a 'java/lang/ClassNotFoundException'{0x000000070ea73d88}: org/gradle/api/JavaVersionCustomizer> (0x000000070ea73d88) 
thrown [s\src\hotspot\share\classfile\systemDictionary.cpp, line 256]
Event: 105.647 Thread 0x0000017f86bc6b50 Exception <a 'java/lang/ClassNotFoundException'{0x000000070dddf108}: com/android/build/gradle/internal/api/LibraryVariantOutputImpl_DecoratedBeanInfo> (0x000000070dddf108) 
thrown [s\src\hotspot\share\classfile\systemDictionary.cpp, line 256]
Event: 105.648 Thread 0x0000017f86bc6b50 Exception <a 'java/lang/ClassNotFoundException'{0x000000070ddefa10}: com/android/build/gradle/internal/api/LibraryVariantOutputImplBeanInfo> (0x000000070ddefa10) 
thrown [s\src\hotspot\share\classfile\systemDictionary.cpp, line 256]
Event: 105.649 Thread 0x0000017f86bc6b50 Exception <a 'java/lang/ClassNotFoundException'{0x000000070da006d0}: com/android/build/gradle/internal/api/LibraryVariantOutputImplCustomizer> (0x000000070da006d0) 
thrown [s\src\hotspot\share\classfile\systemDictionary.cpp, line 256]
Event: 105.651 Thread 0x0000017f86bc6b50 Exception <a 'java/lang/ClassNotFoundException'{0x000000070da1a170}: com/android/build/gradle/internal/api/LibraryVariantOutputImpl_DecoratedCustomizer> (0x000000070da1a170) 
thrown [s\src\hotspot\share\classfile\systemDictionary.cpp, line 256]
Event: 105.771 Thread 0x0000017f86bc6b50 Implicit null exception at 0x0000017f38649511 to 0x0000017f38649724
Event: 105.876 Thread 0x0000017f86bc6b50 Exception <a 'java/lang/ClassNotFoundException'{0x000000070d78f710}: build_9a71mm0kqdwcvq2c0t2ww1mctBeanInfo> (0x000000070d78f710) 
thrown [s\src\hotspot\share\classfile\systemDictionary.cpp, line 256]
Event: 105.876 Thread 0x0000017f86bc6b50 Exception <a 'java/lang/ClassNotFoundException'{0x000000070d797b48}: build_9a71mm0kqdwcvq2c0t2ww1mctCustomizer> (0x000000070d797b48) 
thrown [s\src\hotspot\share\classfile\systemDictionary.cpp, line 256]
Event: 105.901 Thread 0x0000017f86bc6b50 Exception <a 'java/lang/ClassNotFoundException'{0x000000070d408dd8}: build_9a71mm0kqdwcvq2c0t2ww1mct$_run_closure1BeanInfo> (0x000000070d408dd8) 
thrown [s\src\hotspot\share\classfile\systemDictionary.cpp, line 256]
Event: 105.902 Thread 0x0000017f86bc6b50 Exception <a 'java/lang/ClassNotFoundException'{0x000000070d413430}: build_9a71mm0kqdwcvq2c0t2ww1mct$_run_closure1Customizer> (0x000000070d413430) 
thrown [s\src\hotspot\share\classfile\systemDictionary.cpp, line 256]
Event: 106.966 Thread 0x0000017f86bc6b50 Exception <a 'java/lang/ClassNotFoundException'{0x000000070edc5810}: build_9a71mm0kqdwcvq2c0t2ww1mctBeanInfo> (0x000000070edc5810) 
thrown [s\src\hotspot\share\classfile\systemDictionary.cpp, line 256]
Event: 106.967 Thread 0x0000017f86bc6b50 Exception <a 'java/lang/ClassNotFoundException'{0x000000070edcdbe0}: build_9a71mm0kqdwcvq2c0t2ww1mctCustomizer> (0x000000070edcdbe0) 
thrown [s\src\hotspot\share\classfile\systemDictionary.cpp, line 256]

VM Operations (20 events):
Event: 101.548 Executing VM operation: Cleanup
Event: 101.548 Executing VM operation: Cleanup done
Event: 101.811 Executing VM operation: G1CollectForAllocation
Event: 101.831 Executing VM operation: G1CollectForAllocation done
Event: 102.894 Executing VM operation: Cleanup
Event: 102.894 Executing VM operation: Cleanup done
Event: 103.546 Executing VM operation: G1CollectForAllocation
Event: 103.551 Executing VM operation: G1CollectForAllocation done
Event: 104.562 Executing VM operation: Cleanup
Event: 105.412 Executing VM operation: Cleanup done
Event: 106.216 Executing VM operation: G1CollectForAllocation
Event: 106.225 Executing VM operation: G1CollectForAllocation done
Event: 106.581 Executing VM operation: G1CollectForAllocation
Event: 106.588 Executing VM operation: G1CollectForAllocation done
Event: 106.711 Executing VM operation: G1CollectForAllocation
Event: 106.716 Executing VM operation: G1CollectForAllocation done
Event: 106.816 Executing VM operation: G1CollectForAllocation
Event: 106.820 Executing VM operation: G1CollectForAllocation done
Event: 107.832 Executing VM operation: Cleanup
Event: 107.832 Executing VM operation: Cleanup done

Memory protections (0 events):
No events

Nmethod flushes (20 events):
Event: 76.671 Thread 0x0000017f4c2a5220 flushing  nmethod 0x0000017f319b6310
Event: 76.671 Thread 0x0000017f4c2a5220 flushing  nmethod 0x0000017f319f4710
Event: 76.671 Thread 0x0000017f4c2a5220 flushing  nmethod 0x0000017f31a15b90
Event: 76.672 Thread 0x0000017f4c2a5220 flushing  nmethod 0x0000017f31a31a10
Event: 76.672 Thread 0x0000017f4c2a5220 flushing  nmethod 0x0000017f31a35390
Event: 76.672 Thread 0x0000017f4c2a5220 flushing  nmethod 0x0000017f31a35f10
Event: 76.672 Thread 0x0000017f4c2a5220 flushing  nmethod 0x0000017f31a36d90
Event: 76.672 Thread 0x0000017f4c2a5220 flushing  nmethod 0x0000017f31a37590
Event: 76.672 Thread 0x0000017f4c2a5220 flushing  nmethod 0x0000017f31a3e310
Event: 76.672 Thread 0x0000017f4c2a5220 flushing  nmethod 0x0000017f31a40110
Event: 76.672 Thread 0x0000017f4c2a5220 flushing  nmethod 0x0000017f31a40690
Event: 76.672 Thread 0x0000017f4c2a5220 flushing  nmethod 0x0000017f31a40a90
Event: 76.672 Thread 0x0000017f4c2a5220 flushing  nmethod 0x0000017f31a43310
Event: 76.672 Thread 0x0000017f4c2a5220 flushing osr nmethod 0x0000017f31a44f90
Event: 76.672 Thread 0x0000017f4c2a5220 flushing  nmethod 0x0000017f31a45c90
Event: 76.672 Thread 0x0000017f4c2a5220 flushing  nmethod 0x0000017f31a47510
Event: 76.672 Thread 0x0000017f4c2a5220 flushing  nmethod 0x0000017f31a47e10
Event: 76.672 Thread 0x0000017f4c2a5220 flushing  nmethod 0x0000017f31a51110
Event: 76.672 Thread 0x0000017f4c2a5220 flushing  nmethod 0x0000017f31a78910
Event: 76.672 Thread 0x0000017f4c2a5220 flushing  nmethod 0x0000017f31a7a790

Events (20 events):
Event: 42.516 Thread 0x0000017f86bc6b50 Thread added: 0x0000017f86e6b0b0
Event: 42.825 Thread 0x0000017f4c2939b0 Thread added: 0x0000017f895f9aa0
Event: 44.655 Thread 0x0000017f895f9aa0 Thread exited: 0x0000017f895f9aa0
Event: 49.147 Thread 0x0000017f8927f730 Thread exited: 0x0000017f8927f730
Event: 53.237 Thread 0x0000017f4c60e9f0 Thread exited: 0x0000017f4c60e9f0
Event: 56.135 Thread 0x0000017f4c526940 Thread exited: 0x0000017f4c526940
Event: 65.522 Thread 0x0000017f4c2939b0 Thread added: 0x0000017f882a7640
Event: 67.871 Thread 0x0000017f882a7640 Thread exited: 0x0000017f882a7640
Event: 75.590 Thread 0x0000017f4c2939b0 Thread added: 0x0000017f91671a10
Event: 76.946 Thread 0x0000017f86bc6b50 Thread added: 0x0000017f86e6de40
Event: 78.748 Thread 0x0000017f91671a10 Thread exited: 0x0000017f91671a10
Event: 83.131 Thread 0x0000017f4c2939b0 Thread added: 0x0000017f8a142df0
Event: 84.612 Thread 0x0000017f8a142df0 Thread exited: 0x0000017f8a142df0
Event: 86.613 Thread 0x0000017f4c2939b0 Thread added: 0x0000017f8a1408c0
Event: 91.358 Thread 0x0000017f8a1408c0 Thread exited: 0x0000017f8a1408c0
Event: 98.638 Thread 0x0000017f86470730 Thread exited: 0x0000017f86470730
Event: 98.638 Thread 0x0000017f86473ee0 Thread exited: 0x0000017f86473ee0
Event: 98.660 Thread 0x0000017f86470c40 Thread exited: 0x0000017f86470c40
Event: 98.893 Thread 0x0000017f86472aa0 Thread exited: 0x0000017f86472aa0
Event: 105.761 Thread 0x0000017f86475320 Thread exited: 0x0000017f86475320


Dynamic libraries:
0x00007ff6b4560000 - 0x00007ff6b456a000 	C:\Users\omlok\.jdks\jbr-17.0.14\bin\java.exe
0x00007ff960320000 - 0x00007ff960586000 	C:\WINDOWS\SYSTEM32\ntdll.dll
0x00007ff95e220000 - 0x00007ff95e2e9000 	C:\WINDOWS\System32\KERNEL32.DLL
0x00007ff95d530000 - 0x00007ff95d931000 	C:\WINDOWS\System32\KERNELBASE.dll
0x00007ff95db90000 - 0x00007ff95dcdc000 	C:\WINDOWS\System32\ucrtbase.dll
0x00007ff956110000 - 0x00007ff95612b000 	C:\Users\omlok\.jdks\jbr-17.0.14\bin\VCRUNTIME140.dll
0x00007ff948d90000 - 0x00007ff948da7000 	C:\Users\omlok\.jdks\jbr-17.0.14\bin\jli.dll
0x00007ff95eb00000 - 0x00007ff95ecc6000 	C:\WINDOWS\System32\USER32.dll
0x00007ff9450e0000 - 0x00007ff945372000 	C:\WINDOWS\WinSxS\amd64_microsoft.windows.common-controls_6595b64144ccf1df_6.0.26100.8764_none_3e0c73e4e330b694\COMCTL32.dll
0x00007ff95d940000 - 0x00007ff95d967000 	C:\WINDOWS\System32\win32u.dll
0x00007ff95e1f0000 - 0x00007ff95e21b000 	C:\WINDOWS\System32\GDI32.dll
0x00007ff95e8e0000 - 0x00007ff95e989000 	C:\WINDOWS\System32\msvcrt.dll
0x00007ff95de60000 - 0x00007ff95df88000 	C:\WINDOWS\System32\gdi32full.dll
0x00007ff95ddb0000 - 0x00007ff95de53000 	C:\WINDOWS\System32\msvcp_win.dll
0x00007ff95e8a0000 - 0x00007ff95e8d2000 	C:\WINDOWS\System32\IMM32.DLL
0x00007ff948d80000 - 0x00007ff948d8c000 	C:\Users\omlok\.jdks\jbr-17.0.14\bin\vcruntime140_1.dll
0x00007ff8b9cd0000 - 0x00007ff8b9d5d000 	C:\Users\omlok\.jdks\jbr-17.0.14\bin\msvcp140.dll
0x00007ff81b2d0000 - 0x00007ff81bf5e000 	C:\Users\omlok\.jdks\jbr-17.0.14\bin\server\jvm.dll
0x00007ff95f940000 - 0x00007ff95f9fc000 	C:\WINDOWS\System32\ADVAPI32.dll
0x00007ff95fda0000 - 0x00007ff95fe49000 	C:\WINDOWS\System32\sechost.dll
0x00007ff95f800000 - 0x00007ff95f918000 	C:\WINDOWS\System32\RPCRT4.dll
0x00007ff95e710000 - 0x00007ff95e792000 	C:\WINDOWS\System32\WS2_32.dll
0x00007ff95d390000 - 0x00007ff95d3ee000 	C:\WINDOWS\SYSTEM32\POWRPROF.dll
0x00007ff9555f0000 - 0x00007ff9555fb000 	C:\WINDOWS\SYSTEM32\VERSION.dll
0x00007ff954600000 - 0x00007ff954636000 	C:\WINDOWS\SYSTEM32\WINMM.dll
0x00007ff95d370000 - 0x00007ff95d385000 	C:\WINDOWS\SYSTEM32\UMPDC.dll
0x00007ff95c200000 - 0x00007ff95c21b000 	C:\WINDOWS\SYSTEM32\kernel.appcore.dll
0x00007ff948d70000 - 0x00007ff948d7a000 	C:\Users\omlok\.jdks\jbr-17.0.14\bin\jimage.dll
0x00007ff95aa30000 - 0x00007ff95ac72000 	C:\WINDOWS\SYSTEM32\DBGHELP.DLL
0x00007ff95e2f0000 - 0x00007ff95e672000 	C:\WINDOWS\System32\combase.dll
0x00007ff95e9b0000 - 0x00007ff95ea89000 	C:\WINDOWS\System32\OLEAUT32.dll
0x00007ff93b170000 - 0x00007ff93b1ab000 	C:\WINDOWS\SYSTEM32\dbgcore.DLL
0x00007ff95df90000 - 0x00007ff95e03c000 	C:\WINDOWS\System32\bcryptPrimitives.dll
0x00007ff948d60000 - 0x00007ff948d6e000 	C:\Users\omlok\.jdks\jbr-17.0.14\bin\instrument.dll
0x00007ff8d8070000 - 0x00007ff8d8095000 	C:\Users\omlok\.jdks\jbr-17.0.14\bin\java.dll
0x00007ff8b9bf0000 - 0x00007ff8b9cc7000 	C:\Users\omlok\.jdks\jbr-17.0.14\bin\jsvml.dll
0x00007ff95ecd0000 - 0x00007ff95f454000 	C:\WINDOWS\System32\SHELL32.dll
0x00007ff95af90000 - 0x00007ff95b82a000 	C:\WINDOWS\SYSTEM32\windows.storage.dll
0x00007ff95fbb0000 - 0x00007ff95fcab000 	C:\WINDOWS\System32\SHCORE.dll
0x00007ff95e7a0000 - 0x00007ff95e806000 	C:\WINDOWS\System32\shlwapi.dll
0x00007ff95d450000 - 0x00007ff95d479000 	C:\WINDOWS\SYSTEM32\profapi.dll
0x00007ff948cd0000 - 0x00007ff948ce8000 	C:\Users\omlok\.jdks\jbr-17.0.14\bin\zip.dll
0x00007ff8b9720000 - 0x00007ff8b9739000 	C:\Users\omlok\.jdks\jbr-17.0.14\bin\net.dll
0x00007ff9565c0000 - 0x00007ff9566e9000 	C:\WINDOWS\SYSTEM32\WINHTTP.dll
0x00007ff95c7b0000 - 0x00007ff95c81c000 	C:\WINDOWS\system32\mswsock.dll
0x00007ff8b9700000 - 0x00007ff8b9716000 	C:\Users\omlok\.jdks\jbr-17.0.14\bin\nio.dll
0x00007ff948d50000 - 0x00007ff948d60000 	C:\Users\omlok\.jdks\jbr-17.0.14\bin\verify.dll
0x00007ff8872a0000 - 0x00007ff8872c7000 	C:\Users\omlok\.gradle\native\1def1411415f61bf3af743bc5b6707747c0891f09f0c88961ee8f79bc544acac\windows-amd64\native-platform.dll
0x00007ff8ae0d0000 - 0x00007ff8ae147000 	C:\Users\omlok\.gradle\native\0.2.8\x86_64-windows-gnu\gradle-fileevents.dll
0x00007ff945b10000 - 0x00007ff945b19000 	C:\Users\omlok\.jdks\jbr-17.0.14\bin\management.dll
0x00007ff945ac0000 - 0x00007ff945acb000 	C:\Users\omlok\.jdks\jbr-17.0.14\bin\management_ext.dll
0x00007ff95faa0000 - 0x00007ff95faa8000 	C:\WINDOWS\System32\PSAPI.DLL
0x00007ff95bc40000 - 0x00007ff95bc73000 	C:\WINDOWS\SYSTEM32\IPHLPAPI.DLL
0x00007ff95ea90000 - 0x00007ff95ea9a000 	C:\WINDOWS\System32\NSI.dll
0x00007ff956720000 - 0x00007ff95673d000 	C:\WINDOWS\SYSTEM32\dhcpcsvc6.DLL
0x00007ff9566f0000 - 0x00007ff956715000 	C:\WINDOWS\SYSTEM32\dhcpcsvc.DLL
0x00007ff95bc80000 - 0x00007ff95bdd6000 	C:\WINDOWS\SYSTEM32\DNSAPI.dll
0x00007ff95c5b0000 - 0x00007ff95c5bd000 	C:\WINDOWS\SYSTEM32\DSPARSE.dll
0x00007ff943e80000 - 0x00007ff943e89000 	C:\Users\omlok\.jdks\jbr-17.0.14\bin\extnet.dll
0x00007ff95cab0000 - 0x00007ff95cacb000 	C:\WINDOWS\SYSTEM32\CRYPTSP.dll
0x00007ff95c160000 - 0x00007ff95c199000 	C:\WINDOWS\system32\rsaenh.dll
0x00007ff95c870000 - 0x00007ff95c8a2000 	C:\WINDOWS\SYSTEM32\USERENV.dll
0x00007ff95d420000 - 0x00007ff95d44a000 	C:\WINDOWS\SYSTEM32\bcrypt.dll
0x00007ff95cad0000 - 0x00007ff95cadc000 	C:\WINDOWS\SYSTEM32\CRYPTBASE.dll
0x00007ff930930000 - 0x00007ff93093e000 	C:\Users\omlok\.jdks\jbr-17.0.14\bin\sunmscapi.dll
0x00007ff95d970000 - 0x00007ff95daed000 	C:\WINDOWS\System32\CRYPT32.dll
0x00007ff95ccf0000 - 0x00007ff95cd20000 	C:\WINDOWS\SYSTEM32\ncrypt.dll
0x00007ff95cca0000 - 0x00007ff95ccdf000 	C:\WINDOWS\SYSTEM32\NTASN1.dll
0x00007ff925280000 - 0x00007ff925288000 	C:\WINDOWS\system32\wshunix.dll

dbghelp: loaded successfully - version: 4.0.5 - missing functions: none
symbol engine: initialized successfully - sym options: 0x614 - pdb path: .;C:\Users\omlok\.jdks\jbr-17.0.14\bin;C:\WINDOWS\SYSTEM32;C:\WINDOWS\WinSxS\amd64_microsoft.windows.common-controls_6595b64144ccf1df_6.0.26100.8764_none_3e0c73e4e330b694;C:\Users\omlok\.jdks\jbr-17.0.14\bin\server;C:\Users\omlok\.gradle\native\1def1411415f61bf3af743bc5b6707747c0891f09f0c88961ee8f79bc544acac\windows-amd64;C:\Users\omlok\.gradle\native\0.2.8\x86_64-windows-gnu

VM Arguments:
jvm_args: --add-opens=java.base/java.lang=ALL-UNNAMED --add-opens=java.base/java.lang.invoke=ALL-UNNAMED --add-opens=java.base/java.util=ALL-UNNAMED --add-opens=java.prefs/java.util.prefs=ALL-UNNAMED --add-exports=jdk.compiler/com.sun.tools.javac.api=ALL-UNNAMED --add-exports=jdk.compiler/com.sun.tools.javac.util=ALL-UNNAMED --add-opens=java.base/java.util=ALL-UNNAMED --add-opens=java.prefs/java.util.prefs=ALL-UNNAMED --add-opens=java.base/java.nio.charset=ALL-UNNAMED --add-opens=java.base/java.net=ALL-UNNAMED --add-opens=java.base/java.util.concurrent=ALL-UNNAMED --add-opens=java.base/java.util.concurrent.atomic=ALL-UNNAMED --add-opens=java.xml/javax.xml.namespace=ALL-UNNAMED -XX:MaxMetaspaceSize=1g -Xmx4g -Dfile.encoding=UTF-8 -Duser.country=IN -Duser.language=en -Duser.variant -javaagent:C:\Users\omlok\.gradle\wrapper\dists\gradle-9.0.0-bin\d6wjpkvcgsg3oed0qlfss3wgl\gradle-9.0.0\lib\agents\gradle-instrumentation-agent-9.0.0.jar 
java_command: org.gradle.launcher.daemon.bootstrap.GradleDaemon 9.0.0
java_class_path (initial): C:\Users\omlok\.gradle\wrapper\dists\gradle-9.0.0-bin\d6wjpkvcgsg3oed0qlfss3wgl\gradle-9.0.0\lib\gradle-daemon-main-9.0.0.jar
Launcher Type: SUN_STANDARD

[Global flags]
     intx CICompilerCount                          = 12                                        {product} {ergonomic}
   size_t CompressedClassSpaceSize                 = 872415232                                 {product} {ergonomic}
     uint ConcGCThreads                            = 3                                         {product} {ergonomic}
     uint G1ConcRefinementThreads                  = 13                                        {product} {ergonomic}
   size_t G1HeapRegionSize                         = 2097152                                   {product} {ergonomic}
    uintx GCDrainStackTargetSize                   = 64                                        {product} {ergonomic}
   size_t InitialHeapSize                          = 260046848                                 {product} {ergonomic}
   size_t MarkStackSize                            = 4194304                                   {product} {ergonomic}
   size_t MaxHeapSize                              = 4294967296                                {product} {command line}
   size_t MaxMetaspaceSize                         = 1073741824                                {product} {command line}
   size_t MaxNewSize                               = 2575302656                                {product} {ergonomic}
   size_t MinHeapDeltaBytes                        = 2097152                                   {product} {ergonomic}
   size_t MinHeapSize                              = 8388608                                   {product} {ergonomic}
    uintx NonNMethodCodeHeapSize                   = 7602480                                {pd product} {ergonomic}
    uintx NonProfiledCodeHeapSize                  = 122027880                              {pd product} {ergonomic}
    uintx ProfiledCodeHeapSize                     = 122027880                              {pd product} {ergonomic}
    uintx ReservedCodeCacheSize                    = 251658240                              {pd product} {ergonomic}
     bool SegmentedCodeCache                       = true                                      {product} {ergonomic}
   size_t SoftMaxHeapSize                          = 4294967296                             {manageable} {ergonomic}
     bool UseCompressedClassPointers               = true                           {product lp64_product} {ergonomic}
     bool UseCompressedOops                        = true                           {product lp64_product} {ergonomic}
     bool UseG1GC                                  = true                                      {product} {ergonomic}
     bool UseLargePagesIndividualAllocation        = false                                  {pd product} {ergonomic}

Logging:
Log output configuration:
 #0: stdout all=warning uptime,level,tags
 #1: stderr all=off uptime,level,tags

Environment Variables:
JAVA_HOME=C:\Program Files\Microsoft\jdk-17.0.16.8-hotspot
PATH=C:\Users\omlok\AppData\Local\nvm;C:\Program Files\Microsoft\jdk-17.0.16.8-hotspot\bin;C:\Program Files\Python311\Scripts\;C:\Program Files\Python311\;C:\Program Files (x86)\Common Files\Intel\Shared Libraries\redist\intel64\compiler;C:\Windows\system32;C:\Windows;C:\Windows\System32\Wbem;C:\Windows\System32\WindowsPowerShell\v1.0\;C:\Windows\System32\OpenSSH\;C:\Program Files (x86)\NVIDIA Corporation\PhysX\Common;C:\Program Files\Git LFS;C:\Program Files\dotnet\;C:\Program Files (x86)\CODESYS\APInstaller\;C:\Program Files\Microsoft SQL Server\Client SDK\ODBC\170\Tools\Binn\;C:\Program Files (x86)\Microsoft SQL Server\150\Tools\Binn\;C:\Program Files\Microsoft SQL Server\150\Tools\Binn\;C:\Program Files\Microsoft SQL Server\150\DTS\Binn\;C:\Program Files (x86)\Windows Kits\8.1\Windows Performance Toolkit\;C:\Program Files\NVIDIA Corporation\NVIDIA app\NvDLISR;C:\WINDOWS\system32;C:\WINDOWS;C:\WINDOWS\System32\Wbem;C:\WINDOWS\System32\WindowsPowerShell\v1.0\;C:\WINDOWS\System32\OpenSSH\;C:\ProgramData\chocolatey\bin;C:\Program Files (x86)\Yarn\bin\;C:\src\flutter\bin;C:\Program Files\Git\cmd;C:\Users\omlok\AppData\Local\Android\Sdk\platform-tools;C:\Users\omlok\AppData\Local\Android\Sdk\tools;C:\Users\omlok\AppData\Local\Android\Sdk\tools\bin;C:\Users\omlok\AppData\Local\Android\Sdk\cmdline-tools\latest\bin;C:\Users\omlok\AppData\Local\Android\Sdk\platform-tools;C:\Users\omlok\AppData\Local\Android\Sdk;C:\Program Files\Microsoft\jdk-17.0.16.8-hotspot\;C:\Users\omlok\AppData\Local\nvm;C:\nvm4w\nodejs;C:\Program Files\PowerShell\7\;C:\Users\omlok\AppData\Local\jdk-11.0.2\bin;C:\Program Files\MySQL\MySQL Shell 8.0\bin\;C:\Users\omlok\AppData\Local\Microsoft\WindowsApps;C:\Users\omlok\AppData\Local\Programs\Microsoft VS Code\bin;C:\Users\omlok\AppData\Local\GitHubDesktop\bin;C:\Users\omlok\.dotnet\tools;C:\Users\omlok\AppData\Local\Yarn\bin;C:\Users\omlok\AppData\Local\Android\Sdk\platform-tools;C:\Users\omlok\AppData\Local\Programs\Antigravity\bin;C:\Users\omlok\AppData\Local\nvm;C:\nvm4w\nodejs;C:\Users\omlok\AppData\Roaming\Python\Python311\Scripts;C:\Users\omlok\AppData\Local\Google\Cloud SDK\google-cloud-sdk\bin;C:\Users\omlok\AppData\Local\Programs\Antigravity IDE\bin
USERNAME=omlok
OS=Windows_NT
PROCESSOR_IDENTIFIER=AMD64 Family 25 Model 80 Stepping 0, AuthenticAMD
TMP=C:\Users\omlok\AppData\Local\Temp
TEMP=C:\Users\omlok\AppData\Local\Temp



Periodic native trim disabled

JNI global refs:
JNI global refs: 36, weak refs: 0

JNI global refs memory usage: 843, weak refs: 841

Process memory usage:
Resident Set Size: 662524K (4% of 16151708K total physical memory with 607628K free physical memory)

OOME stack traces (most recent first):
Classloader memory used:
Loader org.gradle.internal.classloader.VisitableURLClassLoader                         : 6502K
Loader org.gradle.internal.classloader.VisitableURLClassLoader$InstrumentingVisitableURLClassLoader: 4340K
Loader org.gradle.initialization.MixInLegacyTypesClassLoader                           : 1737K
Loader bootstrap                                                                       : 1682K
Loader org.gradle.internal.classloader.VisitableURLClassLoader                         : 157K
Loader jdk.internal.reflect.DelegatingClassLoader                                      : 142K
Loader org.gradle.groovy.scripts.internal.DefaultScriptCompilationHandler$ScriptClassLoader: 63751B
Loader jdk.internal.loader.ClassLoaders$PlatformClassLoader                            : 61703B
Loader jdk.internal.loader.ClassLoaders$AppClassLoader                                 : 28896B

Classes loaded by more than one classloader:
Class Program                                                                         : loaded 12 times (x 70B)
Class Build_gradle                                                                    : loaded 10 times (x 124B)
Class Build_gradle$4                                                                  : loaded 5 times (x 72B)
Class org.gradle.kotlin.dsl.VersionCatalogAccessorsKt                                 : loaded 5 times (x 69B)
Class Build_gradle$5                                                                  : loaded 5 times (x 72B)
Class org.gradle.kotlin.dsl.ImplementationConfigurationAccessorsKt                    : loaded 4 times (x 69B)
Class org.gradle.kotlin.dsl.Accessors1vc5ojqnd7f0dgmcaq6blw3npKt                      : loaded 4 times (x 69B)
Class Build_gradle$6                                                                  : loaded 4 times (x 72B)
Class org.gradle.kotlin.dsl.Accessors9vrma8vzwnl7z03k8r27uyhspKt                      : loaded 4 times (x 69B)
Class com.google.common.collect.Iterators                                             : loaded 3 times (x 69B)
Class com.google.common.collect.PeekingIterator                                       : loaded 3 times (x 68B)
Class com.google.common.collect.Iterators$MergingIterator                             : loaded 3 times (x 79B)
Class org.jetbrains.kotlin.tooling.core.HasMutableExtras                              : loaded 3 times (x 68B)
Class com.google.common.collect.AbstractIterator                                      : loaded 3 times (x 80B)
Class Build_gradle$3                                                                  : loaded 3 times (x 72B)
Class Build_gradle$2                                                                  : loaded 3 times (x 72B)
Class org.jetbrains.kotlin.tooling.core.HasExtras                                     : loaded 3 times (x 68B)
Class org.gradle.kotlin.dsl.TestImplementationConfigurationAccessorsKt                : loaded 3 times (x 69B)
Class org.gradle.internal.Cast                                                        : loaded 3 times (x 69B)
Class com.google.common.collect.AbstractIndexedListIterator                           : loaded 3 times (x 94B)
Class org.gradle.internal.IoActions                                                   : loaded 3 times (x 69B)
Class com.google.common.collect.Iterators$9                                           : loaded 3 times (x 79B)
Class com.google.common.base.Preconditions                                            : loaded 3 times (x 69B)
Class com.google.common.collect.Iterators$5                                           : loaded 3 times (x 80B)
Class com.google.common.collect.Iterators$4                                           : loaded 3 times (x 80B)
Class com.google.common.collect.Iterators$1                                           : loaded 3 times (x 79B)
Class com.google.common.collect.ImmutableList                                         : loaded 3 times (x 166B)
Class com.google.common.collect.ImmutableCollection                                   : loaded 3 times (x 123B)
Class org.gradle.api.GradleException                                                  : loaded 3 times (x 80B)
Class com.google.common.collect.UnmodifiableIterator                                  : loaded 3 times (x 78B)
Class com.google.common.collect.Lists                                                 : loaded 3 times (x 69B)
Class com.google.common.collect.Iterators$ArrayItr                                    : loaded 3 times (x 95B)
Class org.jetbrains.kotlin.tooling.core.Extras                                        : loaded 3 times (x 68B)
Class com.google.common.collect.Lists$StringAsImmutableList                           : loaded 3 times (x 167B)
Class org.gradle.api.Action                                                           : loaded 3 times (x 68B)
Class com.google.common.collect.UnmodifiableListIterator                              : loaded 3 times (x 93B)
Class org.jetbrains.kotlin.gradle.targets.js.dsl.KotlinWasmTargetDsl                  : loaded 2 times (x 68B)
Class org.jetbrains.kotlin.gradle.dsl.KotlinJvmProjectExtension                       : loaded 2 times (x 145B)
Class com.google.common.cache.RemovalListener                                         : loaded 2 times (x 68B)
Class org.gradle.api.internal.classpath.DefaultModuleRegistry                         : loaded 2 times (x 84B)
Class org.jetbrains.kotlin.gradle.dsl.KotlinCommonCompilerOptionsDefault              : loaded 2 times (x 94B)
Class org.gradle.internal.exceptions.NonGradleCauseExceptionsHolder                   : loaded 2 times (x 68B)
Class org.jetbrains.kotlin.gradle.utils.FutureKt$future$2$1                           : loaded 2 times (x 93B)
Class org.jetbrains.kotlin.gradle.plugin.mpp.compilationImpl.DefaultKotlinCompilationFriendPathsResolver$DefaultFriendArtifactResolver: loaded 2 times (x 72B)
Class com.google.common.collect.ImmutableEnumSet                                      : loaded 2 times (x 144B)
Class org.jetbrains.kotlin.gradle.artifacts.KotlinJvmJarArtifactKt$KotlinJvmJarArtifact$1: loaded 2 times (x 72B)
Class org.jetbrains.kotlin.gradle.plugin.mpp.ApplyUserDefinedAttributesKt$UserDefinedAttributesSetupAction$1: loaded 2 times (x 93B)
Class com.google.common.collect.ListMultimap                                          : loaded 2 times (x 68B)
Class org.jetbrains.kotlin.gradle.plugin.mpp.compilationImpl.factory.KotlinCompilationImplFactory$PostConfigure$Companion: loaded 2 times (x 69B)
Class org.jetbrains.kotlin.gradle.plugin.mpp.compilationImpl.DefaultKotlinCompilationPostConfigureKt: loaded 2 times (x 69B)
Class org.jetbrains.kotlin.gradle.plugin.diagnostics.checkers.NativeVersionChecker    : loaded 2 times (x 72B)
Class org.jetbrains.kotlin.gradle.internal.properties.NativePropertiesLoader          : loaded 2 times (x 84B)
Class com.google.common.collect.AbstractMultimap                                      : loaded 2 times (x 121B)
Class org.jetbrains.kotlin.tooling.core.Extras$Key$Companion                          : loaded 2 times (x 69B)
Class kotlin.enums.EnumEntries                                                        : loaded 2 times (x 68B)
Class org.jetbrains.kotlin.gradle.plugin.SubpluginEnvironment$Companion               : loaded 2 times (x 69B)
Class com.google.common.cache.CacheBuilder$OneWeigher                                 : loaded 2 times (x 80B)
Class org.jetbrains.kotlin.gradle.plugin.mpp.compilationImpl.factory.KotlinCompilationImplFactory$PostConfigure: loaded 2 times (x 68B)
Class org.gradle.internal.classpath.ClassPath                                         : loaded 2 times (x 68B)
Class org.jetbrains.kotlin.gradle.targets.jvm.KotlinJvmCompilationWireJavaSourcesSideEffectKt$KotlinJvmCompilationWireJavaSourcesSideEffect$1: loaded 2 times (x 72B)
Class org.jetbrains.kotlin.gradle.tasks.KotlinJavaToolchain                           : loaded 2 times (x 68B)
Class org.jetbrains.kotlin.gradle.utils.PersistentCachesKt                            : loaded 2 times (x 69B)
Class org.jetbrains.kotlin.gradle.utils.StoredPropertyStorage                         : loaded 2 times (x 70B)
Class org.jetbrains.kotlin.gradle.utils.Completable                                   : loaded 2 times (x 70B)
Class org.jetbrains.kotlin.gradle.plugin.diagnostics.TransformActionUsingKotlinToolingDiagnostics$Companion: loaded 2 times (x 69B)
Class org.jetbrains.kotlin.gradle.plugin.KotlinPluginLifecycleCoroutineContextElement : loaded 2 times (x 82B)
Class org.jetbrains.kotlin.gradle.report.BuildReportMode$Companion                    : loaded 2 times (x 69B)
Class com.google.common.cache.CacheLoader$SupplierToCacheLoader                       : loaded 2 times (x 73B)
Class com.google.common.collect.ImmutableEntry                                        : loaded 2 times (x 80B)
Class kotlin.enums.EnumEntriesKt                                                      : loaded 2 times (x 69B)
Class org.jetbrains.kotlin.gradle.plugin.KotlinTargetPreset                           : loaded 2 times (x 68B)
Class org.jetbrains.kotlin.gradle.plugin.sources.DefaultLanguageSettingsBuilder       : loaded 2 times (x 98B)
Class org.jetbrains.kotlin.gradle.plugin.diagnostics.checkers.PreHmppDependenciesUsageChecker$runChecks$1: loaded 2 times (x 86B)
Class com.google.common.cache.LocalCache$StrongEntry                                  : loaded 2 times (x 106B)
Class org.jetbrains.kotlin.gradle.targets.metadata.KotlinMetadataTargetConfiguratorKt : loaded 2 times (x 69B)
Class org.jetbrains.kotlin.gradle.plugin.internal.DefaultMavenPublicationComponentAccessorFactory: loaded 2 times (x 74B)
Class org.jetbrains.kotlin.tooling.core.ExtrasUtilsKt                                 : loaded 2 times (x 69B)
Class org.objectweb.asm.FieldWriter                                                   : loaded 2 times (x 76B)
Class org.jetbrains.kotlin.gradle.plugin.KotlinPlatformType$DisambiguationRule        : loaded 2 times (x 74B)
Class com.google.common.base.CharMatcher                                              : loaded 2 times (x 109B)
Class org.jetbrains.kotlin.konan.target.KonanTarget$Companion$predefinedTargets$2     : loaded 2 times (x 76B)
Class org.jetbrains.kotlin.gradle.plugin.mpp.compilationImpl.factory.DefaultKotlinCompilationTaskNamesContainerFactory: loaded 2 times (x 72B)
Class org.jetbrains.kotlin.gradle.targets.jvm.KotlinJvmTarget                         : loaded 2 times (x 170B)
Class org.jetbrains.kotlin.gradle.plugin.diagnostics.KotlinToolingDiagnostics$JsEnvironmentNotChosenExplicitly: loaded 2 times (x 71B)
Class org.jetbrains.kotlin.gradle.internal.KotlinTestDependencyManagementKt           : loaded 2 times (x 69B)
Class com.google.common.base.CharMatcher$IsNot                                        : loaded 2 times (x 109B)
Class org.jetbrains.kotlin.gradle.plugin.BuildFinishedListenerService                 : loaded 2 times (x 78B)
Class org.jetbrains.kotlin.compilerRunner.CompilerSystemPropertiesService             : loaded 2 times (x 78B)
Class com.google.common.collect.RegularImmutableSortedSet                             : loaded 2 times (x 233B)
Class org.jetbrains.kotlin.gradle.tasks.configuration.BaseKotlinCompileConfig$registerBuildToolsApiTransformations$1: loaded 2 times (x 73B)
Class org.jetbrains.kotlin.gradle.tasks.configuration.BaseKotlinCompileConfig$registerBuildToolsApiTransformations$2: loaded 2 times (x 73B)
Class [Lorg.jetbrains.kotlin.gradle.plugin.KotlinSourceSet;                           : loaded 2 times (x 67B)
Class org.jetbrains.kotlin.gradle.internal.IsInIdeaSyncValueSource                    : loaded 2 times (x 76B)
Class org.jetbrains.kotlin.gradle.plugin.KotlinCompilationOutput                      : loaded 2 times (x 68B)
Class org.jetbrains.kotlin.gradle.internal.properties.PropertiesBuildService$property$1: loaded 2 times (x 77B)
Class com.google.common.collect.SetMultimap                                           : loaded 2 times (x 68B)
Class org.jetbrains.kotlin.gradle.plugin.mpp.InternalKotlinTarget$DefaultImpls        : loaded 2 times (x 69B)
Class org.jetbrains.kotlin.gradle.internal.properties.PropertiesBuildService$property$2: loaded 2 times (x 77B)
Class org.jetbrains.kotlin.gradle.plugin.DefaultKotlinBasePlugin                      : loaded 2 times (x 80B)
Class org.jetbrains.kotlin.gradle.plugin.mpp.KotlinCompilationsKt$addSourcesToKotlinCompileTask$1: loaded 2 times (x 73B)
Class org.jetbrains.kotlin.buildtools.api.jvm.ClassSnapshotGranularity                : loaded 2 times (x 77B)
Class org.jetbrains.kotlin.gradle.targets.jvm.KotlinJvmCompilationWireJavaSourcesSideEffectKt: loaded 2 times (x 69B)
Class org.jetbrains.kotlin.gradle.targets.native.KotilnNativeConfigureBinariesSideEffectKt$special$$inlined$KotlinTargetSideEffect$1: loaded 2 times (x 72B)
Class [Lcom.google.common.cache.Weigher;                                              : loaded 2 times (x 67B)
Class org.jetbrains.kotlin.gradle.plugin.KotlinGradleBuildServices$detectKotlinPluginLoadedInMultipleProjects$onRegister$1$1: loaded 2 times (x 73B)
Class org.jetbrains.kotlin.gradle.plugin.mpp.compilationImpl.factory.KotlinCompilationImplFactory$KotlinCompilationDependencyConfigurationsFactory: loaded 2 times (x 68B)
Class com.google.common.cache.LocalCache$Segment                                      : loaded 2 times (x 152B)
Class org.gradle.api.internal.DefaultClassPathProvider                                : loaded 2 times (x 74B)
Class org.jetbrains.kotlin.gradle.plugin.diagnostics.checkers.OverriddenKotlinNativeHomeChecker$StdlibExistenceCheckerValueSource: loaded 2 times (x 76B)
Class org.gradle.internal.installation.GradleInstallation$1                           : loaded 2 times (x 73B)
Class org.jetbrains.kotlin.gradle.plugin.diagnostics.checkers.WasmSourceSetsNotFoundChecker$wasmSourceSetRegex$2: loaded 2 times (x 76B)
Class com.google.common.cache.LocalCache$AbstractReferenceEntry                       : loaded 2 times (x 105B)
Class org.jetbrains.kotlin.gradle.internal.Kapt3KotlinGradleSubpluginKt               : loaded 2 times (x 69B)
Class org.jetbrains.kotlin.gradle.utils.CompletableFuture                             : loaded 2 times (x 68B)
Class org.jetbrains.kotlin.gradle.plugin.VariantImplementationFactoriesConfigurator$Inject: loaded 2 times (x 94B)
Class org.objectweb.asm.Type                                                          : loaded 2 times (x 70B)
Class com.google.common.util.concurrent.AbstractFuture$Failure                        : loaded 2 times (x 70B)
Class org.jetbrains.kotlin.gradle.plugin.diagnostics.KotlinToolingDiagnosticsCollectorKt: loaded 2 times (x 69B)
Class org.jetbrains.kotlin.gradle.dsl.DefaultToolchainSupport_Decorated               : loaded 2 times (x 118B)
Class org.jetbrains.kotlin.gradle.targets.js.npm.NpmDependencyWithExternalsExtension  : loaded 2 times (x 68B)
Class org.jetbrains.kotlin.gradle.dsl.DefaultToolchainSupport$wireToolchainToTasks$1$1: loaded 2 times (x 73B)
Class org.jetbrains.kotlin.gradle.plugin.statistics.BuildFusService                   : loaded 2 times (x 82B)
Class com.google.common.base.CharMatcher$BitSetMatcher                                : loaded 2 times (x 110B)
Class org.jetbrains.kotlin.gradle.plugin.mpp.compilationImpl.factory.KotlinCompilationImplFactory$KotlinCompilationOutputFactory: loaded 2 times (x 68B)
Class com.google.common.collect.ImmutableMap$IteratorBasedImmutableMap                : loaded 2 times (x 123B)
Class org.gradle.internal.exceptions.DefaultMultiCauseException                       : loaded 2 times (x 93B)
Class org.jetbrains.kotlin.gradle.plugin.diagnostics.checkers.ComposePluginSuggestApplyChecker: loaded 2 times (x 72B)
Class org.jetbrains.kotlin.gradle.internal.diagnostics.AgpCompatibilityCheck$AndroidGradlePluginVersionProvider$Default: loaded 2 times (x 72B)
Class com.google.common.collect.ImmutableMap                                          : loaded 2 times (x 118B)
Class org.jetbrains.kotlin.gradle.plugin.mpp.compilationImpl.KotlinCreateLifecycleTasksSideEffectKt: loaded 2 times (x 69B)
Class org.jetbrains.kotlin.gradle.targets.js.npm.DevNpmDependencyExtension            : loaded 2 times (x 68B)
Class com.google.common.collect.AbstractMapBasedMultimap$Itr                          : loaded 2 times (x 81B)
Class com.google.common.base.Converter                                                : loaded 2 times (x 88B)
Class org.jetbrains.kotlin.gradle.artifacts.KotlinLegacyMetadataArtifactKt$KotlinLegacyMetadataArtifact$1: loaded 2 times (x 72B)
Class org.gradle.tooling.model.UnsupportedMethodException                             : loaded 2 times (x 80B)
Class org.jetbrains.kotlin.gradle.plugin.mpp.AbstractKotlinCompilation                : loaded 2 times (x 189B)
Class com.google.common.collect.ImmutableSet$EmptySetBuilderImpl                      : loaded 2 times (x 74B)
Class org.jetbrains.kotlin.gradle.targets.KotlinTargetSideEffect                      : loaded 2 times (x 68B)
Class org.jetbrains.kotlin.gradle.dsl.KotlinTopLevelExtensionConfig                   : loaded 2 times (x 68B)
Class sync_studio_tooling1_dpdzk3ceammoo46do9eu3mi7a$_run_closure1                    : loaded 2 times (x 137B)
Class org.jetbrains.kotlin.gradle.plugin.diagnostics.TransformActionUsingKotlinToolingDiagnostics: loaded 2 times (x 68B)
Class [Lorg.jetbrains.kotlin.gradle.dsl.JvmTarget;                                    : loaded 2 times (x 67B)
Class org.jetbrains.kotlin.gradle.internal.properties.PropertiesBuildService$localProperties$2: loaded 2 times (x 77B)
Class org.jetbrains.kotlin.gradle.targets.metadata.KotlinMetadataTargetConfiguratorKt$metadataCompilationsCreated$2: loaded 2 times (x 76B)
Class com.google.common.base.Equivalence                                              : loaded 2 times (x 80B)
Class com.google.common.primitives.Ints                                               : loaded 2 times (x 69B)
Class com.google.common.cache.LocalCache$EntryFactory$1                               : loaded 2 times (x 81B)
Class org.jetbrains.kotlin.gradle.plugin.KotlinPluginWrapperKt$kotlinPluginVersionFromResources$1$1: loaded 2 times (x 69B)
Class com.google.common.cache.LocalCache$EntryFactory$2                               : loaded 2 times (x 81B)
Class com.google.common.cache.LocalCache$EntryFactory$3                               : loaded 2 times (x 81B)
Class org.jetbrains.kotlin.gradle.plugin.ProjectLocalConfigurations                   : loaded 2 times (x 69B)
Class com.google.common.cache.LocalCache$EntryFactory$4                               : loaded 2 times (x 81B)
Class org.jetbrains.kotlin.gradle.plugin.KotlinSourceSet$Companion                    : loaded 2 times (x 69B)
Class com.google.common.cache.LocalCache$EntryFactory$5                               : loaded 2 times (x 81B)
Class com.google.common.cache.LocalCache$EntryFactory$6                               : loaded 2 times (x 81B)
Class com.google.common.cache.LocalCache$EntryFactory$7                               : loaded 2 times (x 81B)
Class org.gradle.internal.time.MonotonicClock                                         : loaded 2 times (x 75B)
Class org.jetbrains.kotlin.gradle.plugin.PropertiesProvider$PropertyNames             : loaded 2 times (x 69B)
Class com.google.common.cache.LocalCache$EntryFactory$8                               : loaded 2 times (x 81B)
Class org.jetbrains.kotlin.gradle.internal.IsInIdeaEnvironmentValueSource             : loaded 2 times (x 78B)
Class org.jetbrains.kotlin.gradle.internal.ClassLoadersCachingBuildService$Companion$registerIfAbsent$2$1$1: loaded 2 times (x 73B)
Class org.jetbrains.kotlin.gradle.artifacts.KotlinTargetArtifact$Companion            : loaded 2 times (x 69B)
Class com.google.common.base.Predicate                                                : loaded 2 times (x 68B)
Class org.jetbrains.kotlin.gradle.tasks.KotlinCompile                                 : loaded 2 times (x 493B)
Class org.jetbrains.kotlin.gradle.dsl.KotlinSingleJavaTargetExtension                 : loaded 2 times (x 122B)
Class org.jetbrains.kotlin.gradle.plugin.mpp.compilationImpl.KotlinCompilationImpl    : loaded 2 times (x 138B)
Class com.google.common.cache.LocalCache$StrongValueReference                         : loaded 2 times (x 88B)
Class org.gradle.internal.classloader.FilteringClassLoader                            : loaded 2 times (x 103B)
Class org.jetbrains.kotlin.gradle.plugin.mpp.KotlinTargetSoftwareComponentImplKt$KotlinTargetSoftwareComponent$1: loaded 2 times (x 93B)
Class org.jetbrains.kotlin.gradle.plugin.mpp.KotlinTargetComponentWithPublication     : loaded 2 times (x 68B)
Class com.google.common.collect.RegularImmutableSet                                   : loaded 2 times (x 146B)
Class org.jetbrains.kotlin.gradle.plugin.internal.BuildIdService                      : loaded 2 times (x 74B)
Class org.jetbrains.kotlin.gradle.targets.jvm.KotlinJvmTargetTestFixturesSideEffectKt$ConfigureJavaTestFixturesSideEffect$1: loaded 2 times (x 72B)
Class org.jetbrains.kotlin.gradle.internal.properties.PropertiesBuildService$GradleProperty: loaded 2 times (x 68B)
Class org.jetbrains.kotlin.gradle.utils.GradleUtilsKt$registerClassLoaderScopedBuildService$1: loaded 2 times (x 72B)
Class [Lorg.jetbrains.kotlin.gradle.report.BuildReportMode;                           : loaded 2 times (x 67B)
Class org.gradle.tooling.model.Model                                                  : loaded 2 times (x 68B)
Class org.jetbrains.kotlin.gradle.plugin.KotlinTarget$DefaultImpls                    : loaded 2 times (x 69B)
Class [Lcom.google.common.cache.LocalCache$Strength;                                  : loaded 2 times (x 67B)
Class org.gradle.internal.classpath.DefaultClassPath$ImmutableUniqueList$Builder      : loaded 2 times (x 73B)
Class com.google.common.collect.AbstractRangeSet                                      : loaded 2 times (x 112B)
Class org.jetbrains.kotlin.gradle.model.builder.KotlinModelBuilder                    : loaded 2 times (x 74B)
Class [Lorg.jetbrains.kotlin.gradle.plugin.KotlinCompilation;                         : loaded 2 times (x 67B)
Class org.jetbrains.kotlin.gradle.plugin.mpp.resources.resolve.KotlinTargetResourcesResolutionStrategy: loaded 2 times (x 77B)
Class kotlin.UninitializedPropertyAccessException                                     : loaded 2 times (x 80B)
Class org.jetbrains.kotlin.gradle.plugin.KotlinGradleBuildServices$Parameters         : loaded 2 times (x 68B)
Class com.google.common.collect.Maps$8                                                : loaded 2 times (x 80B)
Class org.jetbrains.kotlin.gradle.plugin.PropertiesProvider$Companion                 : loaded 2 times (x 69B)
Class org.jetbrains.kotlin.gradle.plugin.KotlinGradleBuildServices$Companion          : loaded 2 times (x 69B)
Class org.jetbrains.kotlin.gradle.logging.GradleLoggingUtilsKt                        : loaded 2 times (x 69B)
Class com.google.common.base.PatternCompiler                                          : loaded 2 times (x 68B)
Class [Lcom.google.common.cache.CacheBuilder$NullListener;                            : loaded 2 times (x 67B)
Class com.google.common.base.CharMatcher$InRange                                      : loaded 2 times (x 109B)
Class org.jetbrains.kotlin.gradle.targets.native.internal.PlatformLibrariesGenerator  : loaded 2 times (x 70B)
Class org.jetbrains.kotlin.gradle.plugin.diagnostics.ToolingDiagnostic$Severity       : loaded 2 times (x 77B)
Class com.google.common.collect.Maps$KeySet                                           : loaded 2 times (x 135B)
Class com.google.common.collect.Sets$SetView                                          : loaded 2 times (x 136B)
Class org.jetbrains.kotlin.gradle.plugin.mpp.compilationImpl.factory.KotlinCompilationImplFactory$create$1: loaded 2 times (x 73B)
Class org.jetbrains.kotlin.gradle.artifacts.KotlinNativeKlibArtifactKt                : loaded 2 times (x 69B)
Class com.google.common.collect.BiMap                                                 : loaded 2 times (x 68B)
Class org.jetbrains.kotlin.gradle.internal.StdlibDependencyManagementKt$configureStdlibVersionAlignment$1$1: loaded 2 times (x 73B)
Class org.jetbrains.kotlin.gradle.plugin.internal.MavenPublicationComponentAccessor$Factory: loaded 2 times (x 68B)
Class org.objectweb.asm.AnnotationWriter                                              : loaded 2 times (x 77B)
Class org.jetbrains.kotlin.gradle.plugin.diagnostics.checkers.OverriddenKotlinNativeHomeChecker$StdlibExistenceCheckerValueSource$Params$Inject: loaded 2 times (x 104B)
Class com.google.common.math.IntMath$1                                                : loaded 2 times (x 69B)
Class org.jetbrains.kotlin.gradle.plugin.diagnostics.checkers.InternalGradlePropertiesUsageChecker: loaded 2 times (x 72B)
Class org.gradle.internal.classloader.ClassLoaderVisitor                              : loaded 2 times (x 74B)
Class [Lorg.jetbrains.kotlin.tooling.core.HasMutableExtras;                           : loaded 2 times (x 67B)
Class org.jetbrains.kotlin.gradle.dsl.PlatformSourceSetConventionsChecker$nativeTargetPresets$1$1: loaded 2 times (x 77B)
Class org.objectweb.asm.Label                                                         : loaded 2 times (x 71B)
Class org.jetbrains.kotlin.gradle.plugin.diagnostics.CheckKotlinGradlePluginConfigurationErrors: loaded 2 times (x 312B)
Class org.jetbrains.kotlin.gradle.plugin.KotlinPluginLifecycleKt$await$1              : loaded 2 times (x 86B)
Class org.jetbrains.kotlin.gradle.artifacts.KotlinJvmJarArtifactKt                    : loaded 2 times (x 69B)
Class com.google.common.cache.CacheBuilder$NullListener                               : loaded 2 times (x 80B)
Class org.jetbrains.kotlin.gradle.tasks.DefaultKotlinJavaToolchain                    : loaded 2 times (x 75B)
Class org.jetbrains.kotlin.gradle.plugin.KotlinPluginLifecycleImpl$executeCurrentStageAndScheduleNext$3: loaded 2 times (x 73B)
Class org.jetbrains.kotlin.tooling.core.Extras$Type$Companion                         : loaded 2 times (x 69B)
Class org.jetbrains.kotlin.gradle.plugin.KotlinPluginLifecycleImpl$start$3            : loaded 2 times (x 77B)
Class org.jetbrains.kotlin.gradle.internal.properties.NativePropertiesLoader$downloadFromMaven$1: loaded 2 times (x 73B)
Class org.jetbrains.kotlin.gradle.plugin.KotlinPluginLifecycle$ProjectConfigurationResult: loaded 2 times (x 69B)
Class org.jetbrains.kotlin.gradle.plugin.internal.CompatibilityConventionRegistrarKt  : loaded 2 times (x 69B)
Class com.google.common.math.MathPreconditions                                        : loaded 2 times (x 69B)
Class org.gradle.internal.time.DefaultCountdownTimer                                  : loaded 2 times (x 86B)
Class org.jetbrains.kotlin.gradle.internal.ClassLoadersCachingBuildService            : loaded 2 times (x 74B)
Class [Lorg.jetbrains.kotlin.konan.target.Family;                                     : loaded 2 times (x 67B)
Class org.jetbrains.kotlin.gradle.plugin.mpp.compilationImpl.KotlinCompilationSourceSetInclusion: loaded 2 times (x 70B)
Class org.jetbrains.kotlin.gradle.targets.native.ConfigureFrameworkExportSideEffectKt : loaded 2 times (x 69B)
Class org.jetbrains.kotlin.gradle.dsl.KotlinJvmExtension                              : loaded 2 times (x 68B)
Class org.jetbrains.kotlin.gradle.tasks.configuration.BaseKotlinCompileConfig$1$classpathConfiguration$1: loaded 2 times (x 73B)
Class org.jetbrains.kotlin.gradle.plugin.KotlinPluginLifecycle$IllegalLifecycleException: loaded 2 times (x 80B)
Class org.jetbrains.kotlin.gradle.plugin.diagnostics.ToolingDiagnostic                : loaded 2 times (x 70B)
Class org.jetbrains.kotlin.gradle.plugin.sources.DefaultKotlinSourceSetFactory        : loaded 2 times (x 78B)
Class org.jetbrains.kotlin.gradle.plugin.KotlinCompilationInfo                        : loaded 2 times (x 86B)
Class org.jetbrains.kotlin.tooling.core.Extras$Entry                                  : loaded 2 times (x 70B)
Class org.jetbrains.kotlin.gradle.internal.ClassLoadersCachingBuildService$Companion  : loaded 2 times (x 69B)
Class org.jetbrains.kotlin.konan.target.HostManager$Companion                         : loaded 2 times (x 69B)
Class com.intellij.gradle.toolingExtension.impl.model.utilDummyModel.DummyModel       : loaded 2 times (x 68B)
Class org.gradle.internal.service.DefaultServiceLocator                               : loaded 2 times (x 81B)
Class org.jetbrains.kotlin.gradle.report.UsesBuildMetricsService                      : loaded 2 times (x 68B)
Class org.gradle.internal.service.UnknownServiceException                             : loaded 2 times (x 81B)
Class org.jetbrains.kotlin.gradle.plugin.mpp.InternalKotlinTargetKt                   : loaded 2 times (x 69B)
Class org.jetbrains.kotlin.gradle.plugin.mpp.compilationImpl.DefaultKotlinCompilationConfigurationsContainer: loaded 2 times (x 83B)
Class org.jetbrains.kotlin.gradle.tasks.CInteropProcess                               : loaded 2 times (x 342B)
Class org.jetbrains.kotlin.gradle.plugin.mpp.KotlinWithJavaTarget                     : loaded 2 times (x 164B)
Class org.jetbrains.kotlin.gradle.internal.properties.NativePropertiesLoader$isUseXcodeMessageStyleEnabled$1: loaded 2 times (x 73B)
Class com.google.common.collect.ArrayListMultimap                                     : loaded 2 times (x 170B)
Class org.jetbrains.kotlin.gradle.targets.native.internal.AddKotlinPlatformIntegersSupportLibraryKt$AddKotlinPlatformIntegersSupportLibrary$1: loaded 2 times (x 93B)
Class org.jetbrains.kotlin.gradle.dsl.ExplicitApiMode                                 : loaded 2 times (x 77B)
Class [Lorg.jetbrains.kotlin.konan.target.KonanTarget;                                : loaded 2 times (x 67B)
Class org.jetbrains.kotlin.gradle.utils.ConfigurationsKt                              : loaded 2 times (x 69B)
Class com.google.common.base.Strings                                                  : loaded 2 times (x 69B)
Class Build_gradle$2$1$1                                                              : loaded 2 times (x 72B)
Class org.jetbrains.kotlin.konan.target.KonanTarget$MINGW_X64                         : loaded 2 times (x 76B)
Class org.jetbrains.kotlin.gradle.targets.native.KonanPropertiesBuildService          : loaded 2 times (x 74B)
Class org.jetbrains.kotlin.gradle.targets.NativeForwardImplementationToApiElementsSideEffectKt$special$$inlined$KotlinTargetSideEffect$1: loaded 2 times (x 72B)
Class org.jetbrains.kotlin.compilerRunner.CompilerSystemPropertiesService$Parameters_Decorated: loaded 2 times (x 128B)
Class org.jetbrains.kotlin.gradle.internal.tasks.TaskWithLocalState                   : loaded 2 times (x 68B)
Class org.jetbrains.kotlin.gradle.plugin.mpp.HierarchyAttributeContainer$1            : loaded 2 times (x 76B)
Class org.jetbrains.kotlin.gradle.plugin.diagnostics.checkers.AndroidSourceSetLayoutV1SourceSetsNotFoundChecker$androidSourceSetRegex$2: loaded 2 times (x 76B)
Class org.jetbrains.kotlin.gradle.internal.KotlinDependenciesManagementKt$configureDefaultVersionsResolutionStrategy$1$1: loaded 2 times (x 73B)
Class org.jetbrains.kotlin.gradle.internal.Kapt3GradleSubplugin                       : loaded 2 times (x 81B)
Class com.google.common.cache.CacheLoader$InvalidCacheLoadException                   : loaded 2 times (x 80B)
Class org.jetbrains.kotlin.gradle.plugin.KotlinPluginLifecycleCoroutineContextElement$Key: loaded 2 times (x 69B)
Class org.gradle.internal.classloader.DefaultClassLoaderFactory                       : loaded 2 times (x 80B)
Class com.google.common.collect.SingletonImmutableList                                : loaded 2 times (x 167B)
Class org.jetbrains.kotlin.gradle.plugin.mpp.compilationImpl.CreateCInteropTasksSideEffectKt$special$$inlined$KotlinCompilationSideEffect$1: loaded 2 times (x 72B)
Class org.jetbrains.kotlin.gradle.dsl.KotlinTargetContainerWithJsPresetFunctions      : loaded 2 times (x 68B)
Class org.jetbrains.kotlin.gradle.internal.properties.PropertiesBuildService$Params$Inject: loaded 2 times (x 104B)
Class org.jetbrains.kotlin.gradle.internal.diagnostics.AgpCompatibilityCheck          : loaded 2 times (x 69B)
Class com.google.common.base.Stopwatch                                                : loaded 2 times (x 70B)
Class org.jetbrains.kotlin.konan.target.KonanTarget$LINUX_ARM32_HFP                   : loaded 2 times (x 76B)
Class com.google.common.base.Platform$JdkPatternCompiler                              : loaded 2 times (x 73B)
Class com.google.common.cache.LocalCache$LoadingValueReference                        : loaded 2 times (x 94B)
Class org.jetbrains.kotlin.gradle.utils.StringUtilsKt$lowerCamelCaseName$1            : loaded 2 times (x 123B)
Class [Lorg.jetbrains.kotlin.build.report.metrics.GradleBuildTime;                    : loaded 2 times (x 67B)
Class org.jetbrains.kotlin.compilerRunner.UsesCompilerSystemPropertiesService         : loaded 2 times (x 68B)
Class org.jetbrains.kotlin.gradle.plugin.mpp.AbstractKotlinTarget                     : loaded 2 times (x 154B)
Class org.jetbrains.kotlin.gradle.plugin.mpp.compilationImpl.KotlinCreateCompilationArchiveTaskKt: loaded 2 times (x 69B)
Class org.jetbrains.kotlin.gradle.fus.BuildUidService$Companion                       : loaded 2 times (x 69B)
Class com.google.common.collect.Hashing                                               : loaded 2 times (x 69B)
Class org.jetbrains.kotlin.gradle.targets.native.UsesKonanPropertiesBuildService      : loaded 2 times (x 68B)
Class org.jetbrains.kotlin.gradle.internal.diagnostics.GradleCompatibilityCheck       : loaded 2 times (x 69B)
Class org.jetbrains.kotlin.gradle.plugin.mpp.InternalKotlinTargetComponentKt          : loaded 2 times (x 69B)
Class org.jetbrains.kotlin.gradle.internal.diagnostics.GradleCompatibilityCheck$CurrentGradleVersionProvider: loaded 2 times (x 68B)
Class com.google.common.collect.ImmutableRangeSet$ComplementRanges                    : loaded 2 times (x 167B)
Class org.jetbrains.kotlin.gradle.plugin.diagnostics.UsesKotlinToolingDiagnosticsKt   : loaded 2 times (x 69B)
Class org.jetbrains.kotlin.gradle.plugin.diagnostics.checkers.InternalGradlePropertiesUsageChecker$runChecks$1: loaded 2 times (x 86B)
Class org.jetbrains.kotlin.gradle.targets.native.toolchain.KotlinNativeBundleBuildService$Parameters: loaded 2 times (x 68B)
Class org.jetbrains.kotlin.gradle.utils.ConfigurationsKt$sam$org_gradle_api_Action$0  : loaded 2 times (x 73B)
Class org.jetbrains.kotlin.gradle.dsl.PlatformSourceSetConventionsChecker$CheckedPlatformInfo: loaded 2 times (x 70B)
Class org.jetbrains.kotlin.gradle.plugin.KotlinPluginLifecycleKt                      : loaded 2 times (x 69B)
Class com.google.common.base.JdkPattern                                               : loaded 2 times (x 73B)
Class com.google.common.collect.Multimap                                              : loaded 2 times (x 68B)
Class org.jetbrains.kotlin.gradle.utils.NativeCompilerDownloader                      : loaded 2 times (x 70B)
Class org.jetbrains.kotlin.gradle.plugin.internal.CompatibilityConventionRegistrar$Factory: loaded 2 times (x 68B)
Class org.jetbrains.kotlin.gradle.internal.ClassLoadersCachingBuildService$Parameters : loaded 2 times (x 68B)
Class org.jetbrains.kotlin.gradle.plugin.KotlinPluginLifecycle$ProjectConfigurationResult$Success: loaded 2 times (x 69B)
Class org.jetbrains.kotlin.gradle.internal.properties.PropertiesBuildService$MemoizedCallable: loaded 2 times (x 73B)
Class org.jetbrains.kotlin.gradle.plugin.statistics.UsesBuildFusService               : loaded 2 times (x 68B)
Class org.jetbrains.kotlin.gradle.utils.StoredLazyProperty$getValue$1                 : loaded 2 times (x 77B)
Class org.jetbrains.kotlin.gradle.dsl.KotlinAndroidProjectExtension                   : loaded 2 times (x 137B)
Class com.google.common.base.FunctionalEquivalence                                    : loaded 2 times (x 81B)
Class org.jetbrains.kotlin.gradle.targets.ConfigureNonPackedKlibConsumingSideEffectKt : loaded 2 times (x 69B)
Class org.objectweb.asm.AnnotationVisitor                                             : loaded 2 times (x 76B)
Class org.objectweb.asm.RecordComponentWriter                                         : loaded 2 times (x 76B)
Class org.jetbrains.kotlin.gradle.tasks.configuration.BaseKotlinCompileConfig$2$1     : loaded 2 times (x 73B)
Class org.jetbrains.kotlin.gradle.utils.SingleAction$PerformedActions                 : loaded 2 times (x 70B)
Class org.jetbrains.kotlin.gradle.tasks.configuration.AbstractKotlinCompileConfig$1   : loaded 2 times (x 77B)
Class org.jetbrains.kotlin.gradle.plugin.KotlinCompilation$Companion                  : loaded 2 times (x 69B)
Class com.google.common.cache.LocalCache$1                                            : loaded 2 times (x 87B)
Class org.jetbrains.kotlin.gradle.plugin.mpp.ApplyUserDefinedAttributesKt$UserDefinedAttributesSetupAction$1$1: loaded 2 times (x 77B)
Class org.jetbrains.kotlin.gradle.tasks.configuration.AbstractKotlinCompileConfig$2   : loaded 2 times (x 77B)
Class com.google.common.cache.LocalCache$2                                            : loaded 2 times (x 140B)
Class org.jetbrains.kotlin.compilerRunner.CompilerSystemPropertiesService$Parameters  : loaded 2 times (x 68B)
Class org.jetbrains.kotlin.konan.target.Architecture                                  : loaded 2 times (x 77B)
Class org.jetbrains.kotlin.gradle.plugin.KotlinPluginLifecycleKt$launchInStage$1      : loaded 2 times (x 93B)
Class org.jetbrains.kotlin.gradle.targets.js.npm.SemVer$Companion                     : loaded 2 times (x 69B)
Class com.google.common.collect.RegularImmutableBiMap                                 : loaded 2 times (x 146B)
Class org.jetbrains.kotlin.gradle.internal.properties.NativePropertiesLoader$shouldUseEmbeddableCompilerJar$1: loaded 2 times (x 73B)
Class org.jetbrains.kotlin.gradle.internal.properties.PropertiesBuildService$NullableStringGradleProperty: loaded 2 times (x 74B)
Class org.jetbrains.kotlin.konan.target.KonanTarget$MACOS_X64                         : loaded 2 times (x 76B)
Class org.jetbrains.kotlin.gradle.plugin.mpp.KotlinUsages                             : loaded 2 times (x 69B)
Class Build_gradle$2$1                                                                : loaded 2 times (x 72B)
Class org.jetbrains.kotlin.gradle.plugin.mpp.compilationImpl.KotlinCompilationSourceSetInclusion$Companion: loaded 2 times (x 69B)
Class org.jetbrains.kotlin.gradle.plugin.KotlinMultiplatformPluginWrapper             : loaded 2 times (x 84B)
Class org.jetbrains.kotlin.gradle.plugin.mpp.KotlinUsages$KotlinJavaRuntimeJarsCompatibility: loaded 2 times (x 74B)
Class org.jetbrains.kotlin.gradle.targets.js.dsl.KotlinJsSubTargetContainerDsl        : loaded 2 times (x 68B)
Class org.jetbrains.kotlin.gradle.dsl.KotlinJvmCompilerOptionsDefault                 : loaded 2 times (x 104B)
Class org.jetbrains.kotlin.gradle.fus.BuildUidService$Companion$registerIfAbsent$1    : loaded 2 times (x 72B)
Class org.gradle.internal.classloader.VisitableURLClassLoader$Spec                    : loaded 2 times (x 72B)
Class org.gradle.tooling.model.ProjectModel                                           : loaded 2 times (x 68B)
Class com.google.common.collect.ImmutableRangeSet$AsSet                               : loaded 2 times (x 233B)
Class org.gradle.tooling.internal.gradle.DefaultProjectIdentifier                     : loaded 2 times (x 84B)
Class org.gradle.api.internal.classpath.ModuleRegistry                                : loaded 2 times (x 68B)
Class com.google.common.collect.ForwardingObject                                      : loaded 2 times (x 70B)
Class org.jetbrains.kotlin.gradle.plugin.AbstractKotlinPluginWrapper                  : loaded 2 times (x 84B)
Class org.jetbrains.kotlin.gradle.plugin.diagnostics.checkers.WasmJsEnvironmentChecker: loaded 2 times (x 74B)
Class org.jetbrains.kotlin.gradle.plugin.mpp.MppSourcesJarKt$sourcesJarTask$1         : loaded 2 times (x 93B)
Class com.google.common.cache.CacheBuilder                                            : loaded 2 times (x 70B)
Class org.objectweb.asm.ByteVector                                                    : loaded 2 times (x 77B)
Class org.jetbrains.kotlin.gradle.plugin.diagnostics.checkers.ComposePluginSuggestApplyChecker$runChecks$1: loaded 2 times (x 86B)
Class org.jetbrains.kotlin.gradle.plugin.PropertiesProvider                           : loaded 2 times (x 71B)
Class org.jetbrains.kotlin.gradle.plugin.mpp.DefaultKotlinUsageContext$PublishOnlyIf  : loaded 2 times (x 68B)
Class org.jetbrains.kotlin.gradle.targets.js.npm.NpmDependencyExtensionKt$AddNpmDependencyExtensionProjectSetupAction$1$WhenMappings: loaded 2 times (x 69B)
Class org.jetbrains.kotlin.gradle.plugin.diagnostics.checkers.UnusedSourceSetsChecker : loaded 2 times (x 72B)
Class org.jetbrains.kotlin.gradle.utils.FileUtilsKt                                   : loaded 2 times (x 69B)
Class org.jetbrains.kotlin.gradle.plugin.internal.DefaultJavaExecTaskParametersCompatibility$Factory: loaded 2 times (x 74B)
Class org.jetbrains.kotlin.gradle.tasks.configuration.KaptGenerateStubsConfig$Companion$wireJavaAndKotlinOutputs$1: loaded 2 times (x 77B)
Class org.jetbrains.kotlin.gradle.report.BuildReportType$Companion                    : loaded 2 times (x 69B)
Class org.jetbrains.kotlin.gradle.plugin.diagnostics.TransformActionUsingKotlinToolingDiagnostics$Parameters: loaded 2 times (x 68B)
Class org.jetbrains.kotlin.gradle.plugin.ProjectLocalConfigurations$setupAttributesMatchingStrategy$1$1: loaded 2 times (x 72B)
Class com.google.common.collect.ImmutableRangeSet                                     : loaded 2 times (x 113B)
Class org.jetbrains.kotlin.gradle.plugin.diagnostics.KotlinToolingDiagnosticsCollector: loaded 2 times (x 74B)
Class org.jetbrains.kotlin.tooling.core.MutableExtrasImpl                             : loaded 2 times (x 163B)
Class org.jetbrains.kotlin.gradle.plugin.mpp.compilationImpl.DefaultKotlinCompilationFriendPathsResolver: loaded 2 times (x 73B)
Class org.jetbrains.kotlin.gradle.targets.js.npm.DefaultPeerNpmDependencyExtension    : loaded 2 times (x 139B)
Class org.jetbrains.kotlin.gradle.dsl.KotlinGradlePluginPublicDsl                     : loaded 2 times (x 68B)
Class com.google.common.base.PairwiseEquivalence                                      : loaded 2 times (x 81B)
Class com.google.common.base.Ticker                                                   : loaded 2 times (x 70B)
Class kotlin.jvm.internal.markers.KMappedMarker                                       : loaded 2 times (x 68B)
Class org.jetbrains.kotlin.gradle.plugin.KotlinJsCompilerTypeHolder                   : loaded 2 times (x 68B)
Class org.gradle.api.internal.ClassPathProvider                                       : loaded 2 times (x 68B)
Class com.google.common.base.Ascii                                                    : loaded 2 times (x 69B)
Class com.google.common.collect.RegularImmutableMap$Values                            : loaded 2 times (x 167B)
Class org.jetbrains.kotlin.gradle.plugin.KotlinPluginLifecycle$Stage                  : loaded 2 times (x 77B)
Class org.jetbrains.kotlin.tooling.core.MutableExtrasImpl$Companion                   : loaded 2 times (x 69B)
Class org.jetbrains.kotlin.gradle.utils.StoredProperty                                : loaded 2 times (x 68B)
Class org.jetbrains.kotlin.gradle.plugin.diagnostics.checkers.OverriddenKotlinNativeHomeChecker$StdlibExistenceCheckerValueSource$Params_Decorated: loaded 2 times (x 128B)
Class org.jetbrains.kotlin.gradle.plugin.mpp.compilationImpl.KotlinCompilationTaskNamesContainer: loaded 2 times (x 70B)
Class org.objectweb.asm.ModuleWriter                                                  : loaded 2 times (x 80B)
Class org.gradle.internal.classloader.ClasspathUtil$1                                 : loaded 2 times (x 74B)
Class org.jetbrains.kotlin.konan.target.KonanTarget$IOS_SIMULATOR_ARM64               : loaded 2 times (x 76B)
Class org.jetbrains.kotlin.gradle.plugin.mpp.compilationImpl.factory.KotlinCompilationImplFactory$ProcessResourcesTaskNameFactory: loaded 2 times (x 68B)
Class org.jetbrains.kotlin.gradle.plugin.KotlinPluginLifecycle                        : loaded 2 times (x 68B)
Class org.jetbrains.kotlin.gradle.plugin.diagnostics.KotlinToolingDiagnostics$WasmWasiEnvironmentNotChosenExplicitly: loaded 2 times (x 71B)
Class org.jetbrains.kotlin.gradle.targets.native.internal.PlatformLibrariesGenerator$Companion: loaded 2 times (x 69B)
Class org.jetbrains.kotlin.gradle.plugin.mpp.compilationImpl.KotlinCompilationCompilerOptionsFromTargetConfigurator: loaded 2 times (x 72B)
Class com.google.common.collect.ImmutableEnumMap                                      : loaded 2 times (x 123B)
Class org.jetbrains.kotlin.gradle.plugin.sources.KotlinSourceSetFactory               : loaded 2 times (x 78B)
Class org.jetbrains.kotlin.gradle.plugin.KotlinJvmPlugin$Companion                    : loaded 2 times (x 69B)
Class org.jetbrains.kotlin.gradle.plugin.statistics.BuildFusServiceKt                 : loaded 2 times (x 69B)
Class org.jetbrains.kotlin.konan.target.KonanTarget$TVOS_SIMULATOR_ARM64              : loaded 2 times (x 76B)
Class org.jetbrains.kotlin.gradle.plugin.DefaultKotlinBasePlugin$apply$1              : loaded 2 times (x 73B)
Class org.jetbrains.kotlin.gradle.plugin.sources.KotlinSourceSetFactory$Companion     : loaded 2 times (x 69B)
Class org.jetbrains.kotlin.gradle.plugin.internal.CustomPropertiesFileValueSource$Parameters$Inject: loaded 2 times (x 104B)
Class com.google.common.collect.ImmutableList$ReverseImmutableList                    : loaded 2 times (x 168B)
Class org.jetbrains.kotlin.gradle.plugin.diagnostics.checkers.WasmWasiEnvironmentChecker$1: loaded 2 times (x 76B)
Class org.jetbrains.kotlin.gradle.report.BuildMetricsService                          : loaded 2 times (x 84B)
Class org.jetbrains.kotlin.gradle.plugin.diagnostics.checkers.WasmWasiEnvironmentChecker$2: loaded 2 times (x 76B)
Class org.jetbrains.kotlin.gradle.utils.WhenPluginEnabledKt                           : loaded 2 times (x 69B)
Class org.jetbrains.kotlin.gradle.plugin.mpp.compilationImpl.KotlinCompilationSourceSetInclusion$Companion$includedSourceSets$2: loaded 2 times (x 76B)
Class org.jetbrains.kotlin.gradle.plugin.DefaultKotlinBasePlugin$setupAttributeMatchingStrategy$1$1: loaded 2 times (x 77B)
Class org.jetbrains.kotlin.gradle.plugin.DefaultKotlinBasePlugin$setupAttributeMatchingStrategy$1$2: loaded 2 times (x 77B)
Class com.google.common.cache.AbstractCache$StatsCounter                              : loaded 2 times (x 68B)
Class org.jetbrains.kotlin.gradle.tasks.configuration.BaseKotlinCompileConfig$1$1     : loaded 2 times (x 72B)
Class org.jetbrains.kotlin.gradle.targets.KotlinTargetSideEffect$Companion            : loaded 2 times (x 69B)
Class org.objectweb.asm.FieldVisitor                                                  : loaded 2 times (x 75B)
Class org.jetbrains.kotlin.gradle.tasks.configuration.BaseKotlinCompileConfig$1$3     : loaded 2 times (x 73B)
Class org.jetbrains.kotlin.gradle.tasks.KotlinCompilationTask                         : loaded 2 times (x 68B)
Class org.jetbrains.kotlin.gradle.plugin.diagnostics.checkers.DeprecatedKotlinNativeTargetsChecker$runChecks$1: loaded 2 times (x 86B)
Class org.objectweb.asm.Symbol                                                        : loaded 2 times (x 71B)
Class org.jetbrains.kotlin.gradle.tasks.KotlinJvmCompile                              : loaded 2 times (x 68B)
Class org.jetbrains.kotlin.gradle.plugin.diagnostics.checkers.CInteropInputChecker$runChecks$1: loaded 2 times (x 86B)
Class org.jetbrains.kotlin.gradle.plugin.diagnostics.KotlinToolingDiagnostics$JsLikeEnvironmentNotChosenExplicitly: loaded 2 times (x 71B)
Class org.jetbrains.kotlin.gradle.plugin.diagnostics.checkers.CInteropInputChecker$runChecks$2: loaded 2 times (x 73B)
Class com.google.common.cache.LocalCache$Strength$1                                   : loaded 2 times (x 79B)
Class org.jetbrains.kotlin.gradle.targets.native.toolchain.KotlinNativeBundleBuildService: loaded 2 times (x 75B)
Class com.google.common.cache.LocalCache$Strength$2                                   : loaded 2 times (x 79B)
Class org.jetbrains.kotlin.gradle.plugin.hierarchy.KotlinSourceSetTreeClassifierKt    : loaded 2 times (x 69B)
Class com.google.common.cache.LocalCache$Strength$3                                   : loaded 2 times (x 79B)
Class org.gradle.internal.classloader.ClassLoaderFactory                              : loaded 2 times (x 68B)
Class org.jetbrains.kotlin.tooling.core.KotlinToolingVersionKt                        : loaded 2 times (x 69B)
Class com.google.common.collect.ObjectArrays                                          : loaded 2 times (x 69B)
Class org.jetbrains.kotlin.gradle.utils.ProviderApiUtilsKt$mapOrNull$1                : loaded 2 times (x 73B)
Class org.jetbrains.kotlin.gradle.plugin.mpp.compilationImpl.KotlinCreateCompilationArchiveTaskKt$KotlinCreateCompilationArchivesTask$1: loaded 2 times (x 72B)
Class org.jetbrains.kotlin.gradle.targets.CreateNonPackedKlibVariantsSideEffectKt$CreateNonPackedKlibVariantsSideEffect$1: loaded 2 times (x 72B)
Class org.jetbrains.kotlin.gradle.utils.Future                                        : loaded 2 times (x 68B)
Class org.jetbrains.kotlin.gradle.plugin.mpp.compilationImpl.KotlinCompilationSourceSetInclusion$include$1: loaded 2 times (x 77B)
Class com.google.common.util.concurrent.Uninterruptibles                              : loaded 2 times (x 69B)
Class com.google.common.collect.Iterators$EmptyModifiableIterator                     : loaded 2 times (x 84B)
Class [Lcom.google.common.collect.AbstractMapEntry;                                   : loaded 2 times (x 67B)
Class org.gradle.api.internal.classpath.ManifestUtil                                  : loaded 2 times (x 69B)
Class org.gradle.api.specs.Spec                                                       : loaded 2 times (x 68B)
Class [Lorg.jetbrains.kotlin.gradle.targets.js.npm.NpmDependency$Scope;               : loaded 2 times (x 67B)
Class org.jetbrains.kotlin.gradle.targets.CreateDefaultCompilationsSideEffectKt$CreateDefaultCompilationsSideEffect$1: loaded 2 times (x 72B)
Class com.google.common.collect.RangeSet                                              : loaded 2 times (x 68B)
Class org.jetbrains.kotlin.gradle.plugin.VariantImplementationFactories$Inject        : loaded 2 times (x 104B)
Class com.google.common.cache.CacheLoader$UnsupportedLoadingOperationException        : loaded 2 times (x 80B)
Class kotlin.jvm.internal.Intrinsics                                                  : loaded 2 times (x 69B)
Class org.jetbrains.kotlin.tooling.core.KotlinToolingVersion$Maturity                 : loaded 2 times (x 77B)
Class org.jetbrains.kotlin.gradle.dsl.DefaultToolchainSupport$wireToolchainToTasks$1  : loaded 2 times (x 73B)
Class build_9a71mm0kqdwcvq2c0t2ww1mct$_run_closure1                                   : loaded 2 times (x 137B)
Class org.jetbrains.kotlin.gradle.internal.properties.PropertiesBuildService$IntGradleProperty: loaded 2 times (x 74B)
Class com.google.common.base.CharMatcher$Whitespace                                   : loaded 2 times (x 110B)
Class org.jetbrains.kotlin.gradle.plugin.mpp.KotlinUsages$KotlinUsagesDisambiguation  : loaded 2 times (x 74B)
Class org.jetbrains.kotlin.gradle.utils.ProviderApiUtilsKt                            : loaded 2 times (x 69B)
Class com.google.common.util.concurrent.ListenableFuture                              : loaded 2 times (x 68B)
Class org.jetbrains.kotlin.gradle.tooling.BuildKotlinToolingMetadataTaskKt$RegisterBuildKotlinToolingMetadataTask$1: loaded 2 times (x 72B)
Class org.jetbrains.kotlin.tooling.core.ExtrasLazyProperty                            : loaded 2 times (x 68B)
Class org.gradle.tooling.internal.gradle.GradleBuildIdentity                          : loaded 2 times (x 68B)
Class org.jetbrains.kotlin.gradle.plugin.KotlinCompilationInfo$TCS                    : loaded 2 times (x 87B)
Class org.jetbrains.kotlin.gradle.plugin.KotlinGradlePluginExtensionPointInternalKt   : loaded 2 times (x 69B)
Class org.jetbrains.kotlin.gradle.plugin.internal.MavenPublicationComponentAccessor   : loaded 2 times (x 68B)
Class [Lorg.jetbrains.kotlin.gradle.plugin.mpp.compilationImpl.factory.KotlinCompilationImplFactory$PostConfigure;: loaded 2 times (x 67B)
Class org.jetbrains.kotlin.gradle.targets.native.internal.SetupKotlinNativePlatformDependenciesAndStdlibKt: loaded 2 times (x 69B)
Class org.jetbrains.kotlin.gradle.plugin.mpp.compilationImpl.KotlinCreateResourcesTaskSideEffectKt: loaded 2 times (x 69B)
Class org.jetbrains.kotlin.gradle.plugin.mpp.KotlinTargetSoftwareComponentImplKt$KotlinTargetSoftwareComponent$1$1$1: loaded 2 times (x 73B)
Class org.jetbrains.kotlin.konan.target.KonanTarget$TVOS_X64                          : loaded 2 times (x 76B)
Class org.jetbrains.kotlin.gradle.artifacts.KotlinMetadataArtifactKt                  : loaded 2 times (x 69B)
Class org.jetbrains.kotlin.gradle.utils.KotlinExtensionUtilsKt                        : loaded 2 times (x 69B)
Class org.jetbrains.kotlin.konan.target.UtilsKt$evaluatePresetName$1                  : loaded 2 times (x 76B)
Class org.jetbrains.kotlin.gradle.plugin.mpp.compilationImpl.factory.KotlinCompilationDependencyConfigurationsFactoriesKt: loaded 2 times (x 69B)
Class org.jetbrains.kotlin.gradle.internal.properties.NativePropertiesLoader$forceDisableRunningInProcess$1: loaded 2 times (x 73B)
Class org.gradle.util.internal.DefaultGradleVersion                                   : loaded 2 times (x 80B)
Class org.jetbrains.kotlin.gradle.utils.SingleAction                                  : loaded 2 times (x 71B)
Class org.jetbrains.kotlin.gradle.plugin.internal.ConfigurationCacheStartParameterAccessor$Factory: loaded 2 times (x 68B)
Class org.jetbrains.kotlin.gradle.plugin.attributes.KlibPackaging$Companion           : loaded 2 times (x 69B)
Class com.google.common.base.Joiner                                                   : loaded 2 times (x 77B)
Class com.google.common.base.Equivalence$Equals                                       : loaded 2 times (x 80B)
Class org.jetbrains.kotlin.gradle.plugin.internal.DefaultProjectIsolationStartParameterAccessor: loaded 2 times (x 75B)
Class org.jetbrains.kotlin.gradle.plugin.diagnostics.UsesKotlinToolingDiagnosticsParameters: loaded 2 times (x 68B)
Class com.google.common.base.Function                                                 : loaded 2 times (x 68B)
Class org.jetbrains.kotlin.gradle.plugin.internal.DefaultCompatibilityConventionRegistrar: loaded 2 times (x 72B)
Class org.jetbrains.kotlin.gradle.plugin.KotlinAndroidPluginWrapper                   : loaded 2 times (x 84B)
Class org.jetbrains.kotlin.gradle.plugin.mpp.KotlinUsageContext$MavenScope            : loaded 2 times (x 77B)
Class org.jetbrains.kotlin.gradle.utils.ConfigurationsKt$createResolvable$1           : loaded 2 times (x 76B)
Class org.jetbrains.kotlin.gradle.plugin.KotlinProjectSetupAction$Companion           : loaded 2 times (x 69B)
Class org.jetbrains.kotlin.gradle.plugin.mpp.compilationImpl.DefaultKotlinCompilationSourceSetsContainer$source$1: loaded 2 times (x 77B)
Class org.jetbrains.kotlin.gradle.plugin.sources.FragmentConsistencyChecks$optInAnnotationsCheck$1: loaded 2 times (x 77B)
Class org.jetbrains.kotlin.gradle.plugin.KotlinCompilation                            : loaded 2 times (x 68B)
Class org.jetbrains.kotlin.gradle.dsl.KotlinTargetContainerWithWasmPresetFunctions    : loaded 2 times (x 68B)
Class org.jetbrains.kotlin.gradle.plugin.sources.FragmentConsistencyChecks$optInAnnotationsCheck$2: loaded 2 times (x 76B)
Class org.jetbrains.kotlin.gradle.plugin.diagnostics.checkers.KotlinTargetAlreadyDeclaredChecker: loaded 2 times (x 72B)
Class org.jetbrains.kotlin.gradle.dsl.KotlinCompile                                   : loaded 2 times (x 68B)
Class org.jetbrains.kotlin.gradle.artifacts.KotlinNativeHostSpecificMetadataArtifactKt: loaded 2 times (x 69B)
Class org.gradle.kotlin.dsl.Accessorsdd8x911oz2huoy5zr6r0lhdvaKt                      : loaded 2 times (x 69B)
Class org.jetbrains.kotlin.gradle.targets.native.toolchain.KotlinNativeBundleBuildService$Companion$registerIfAbsent$2$1$1: loaded 2 times (x 73B)
Class org.jetbrains.kotlin.gradle.plugin.VariantImplementationFactories$Companion$getProvider$1: loaded 2 times (x 73B)
Class org.jetbrains.kotlin.gradle.plugin.mpp.apple.swiftexport.internal.SwiftExportInitKt: loaded 2 times (x 69B)
Class org.jetbrains.kotlin.gradle.plugin.mpp.DecoratedKotlinCompilation               : loaded 2 times (x 189B)
Class [Lorg.jetbrains.kotlin.build.report.metrics.BuildTime;                          : loaded 2 times (x 67B)
Class org.jetbrains.kotlin.gradle.targets.js.ir.KotlinJsIrTarget                      : loaded 2 times (x 260B)
Class org.jetbrains.kotlin.gradle.plugin.mpp.compilationImpl.DefaultKotlinCompilationSourceSetsContainer$allKotlinSourceSetsImpl$1$1: loaded 2 times (x 78B)
Class org.jetbrains.kotlin.gradle.plugin.diagnostics.checkers.DeprecatedKotlinNativeTargetsChecker: loaded 2 times (x 72B)
Class org.jetbrains.kotlin.gradle.artifacts.KotlinTargetArtifact                      : loaded 2 times (x 68B)
Class org.jetbrains.kotlin.gradle.internal.transforms.BuildToolsApiClasspathEntrySnapshotTransform$Parameters_Decorated: loaded 2 times (x 149B)
Class com.google.common.cache.ReferenceEntry                                          : loaded 2 times (x 68B)
Class org.jetbrains.kotlin.gradle.plugin.diagnostics.checkers.JsLikeEnvironmentChecker$runChecks$1: loaded 2 times (x 86B)
Class com.google.common.collect.CollectPreconditions                                  : loaded 2 times (x 69B)
Class com.google.common.collect.RegularImmutableMap$KeySet                            : loaded 2 times (x 148B)
Class com.google.common.primitives.IntsMethodsForWeb                                  : loaded 2 times (x 69B)
Class com.google.common.collect.RangeGwtSerializationDependencies                     : loaded 2 times (x 69B)
Class org.jetbrains.kotlin.gradle.plugin.diagnostics.checkers.KotlinSourceSetTreeDependsOnMismatchChecker$runChecks$1: loaded 2 times (x 86B)
Class org.jetbrains.kotlin.gradle.plugin.sources.DefaultLanguageSettingsBuilder$freeCompilerArgsProvider$1: loaded 2 times (x 93B)
Class com.google.common.collect.Maps                                                  : loaded 2 times (x 69B)
Class org.jetbrains.kotlin.gradle.plugin.VariantImplementationFactories$Parameters$Inject: loaded 2 times (x 104B)
Class com.google.common.collect.RegularImmutableMap                                   : loaded 2 times (x 119B)
Class org.jetbrains.kotlin.gradle.internal.Kapt3GradleSubplugin$Kapt3SubpluginContext : loaded 2 times (x 70B)
Class org.jetbrains.kotlin.gradle.internal.properties.NativePropertiesKt              : loaded 2 times (x 69B)
Class org.jetbrains.kotlin.gradle.targets.CreateNonPackedKlibVariantsSideEffectKt     : loaded 2 times (x 69B)
Class org.jetbrains.kotlin.gradle.utils.GradleAttributesContainerUtilsKt$copyAttributeTo$1: loaded 2 times (x 77B)
Class [Lorg.jetbrains.kotlin.build.report.metrics.ValueType;                          : loaded 2 times (x 67B)
Class org.jetbrains.kotlin.gradle.utils.FutureImpl                                    : loaded 2 times (x 78B)
Class org.jetbrains.kotlin.gradle.plugin.diagnostics.checkers.AndroidSourceSetLayoutV1SourceSetsNotFoundChecker: loaded 2 times (x 72B)
Class org.jetbrains.kotlin.gradle.artifacts.KotlinLegacyMetadataArtifactKt            : loaded 2 times (x 69B)
Class org.jetbrains.kotlin.konan.target.UtilsKt                                       : loaded 2 times (x 69B)
Class org.jetbrains.kotlin.gradle.plugin.KotlinPluginWrapper                          : loaded 2 times (x 84B)
Class org.jetbrains.kotlin.gradle.plugin.KotlinPluginLifecycleKt$kotlinPluginLifecycle$2: loaded 2 times (x 76B)
Class org.jetbrains.kotlin.gradle.plugin.diagnostics.checkers.OverriddenKotlinNativeHomeChecker$allKonanMainSubdirectoriesExist$1: loaded 2 times (x 73B)
Class org.jetbrains.kotlin.gradle.targets.native.internal.CInteropConfigurationsKt    : loaded 2 times (x 69B)
Class org.jetbrains.kotlin.build.report.metrics.GradleBuildTime$Companion             : loaded 2 times (x 69B)
Class com.google.common.base.CharMatcher$None                                         : loaded 2 times (x 110B)
Class org.jetbrains.kotlin.gradle.targets.native.KonanPropertiesBuildService$Parameters_Decorated: loaded 2 times (x 128B)
Class org.jetbrains.kotlin.gradle.tasks.TasksProviderKt$sam$org_gradle_api_Action$0   : loaded 2 times (x 73B)
Class org.gradle.api.internal.classpath.EffectiveClassPath                            : loaded 2 times (x 88B)
Class org.jetbrains.kotlin.gradle.dsl.KotlinJvmCompilerOptionsDefault_Decorated       : loaded 2 times (x 162B)
Class org.jetbrains.kotlin.gradle.plugin.internal.DefaultConfigurationCacheStartParameterAccessor: loaded 2 times (x 75B)
Class org.jetbrains.kotlin.konan.target.HostManager$Companion$targetAliases$2         : loaded 2 times (x 76B)
Class org.jetbrains.kotlin.gradle.internal.properties.PropertiesBuildServiceKt        : loaded 2 times (x 69B)
Class org.jetbrains.kotlin.gradle.targets.js.npm.DefaultNpmDependencyExtension        : loaded 2 times (x 150B)
Class org.jetbrains.kotlin.gradle.targets.native.KonanPropertiesBuildService$Companion: loaded 2 times (x 69B)
Class kotlin.jvm.internal.DefaultConstructorMarker                                    : loaded 2 times (x 69B)
Class org.jetbrains.kotlin.gradle.plugin.diagnostics.RenderReportedDiagnosticsKt      : loaded 2 times (x 69B)
Class org.jetbrains.kotlin.gradle.plugin.mpp.compilationImpl.KotlinCompilationProcessorSideEffectKt: loaded 2 times (x 69B)
Class org.jetbrains.kotlin.build.report.metrics.BuildPerformanceMetric                : loaded 2 times (x 68B)
Class com.google.common.cache.CacheLoader$FunctionToCacheLoader                       : loaded 2 times (x 73B)
Class com.google.common.cache.CacheBuilder$1                                          : loaded 2 times (x 83B)
Class org.jetbrains.kotlin.gradle.plugin.mpp.KotlinCompilationFactory$DefaultImpls    : loaded 2 times (x 69B)
Class com.google.common.cache.CacheBuilder$2                                          : loaded 2 times (x 77B)
Class com.google.common.collect.ImmutableList$1                                       : loaded 2 times (x 95B)
Class com.google.common.cache.CacheBuilder$3                                          : loaded 2 times (x 70B)
Class org.jetbrains.kotlin.gradle.targets.js.dsl.KotlinWasmJsTargetDsl                : loaded 2 times (x 68B)
Class org.jetbrains.kotlin.gradle.utils.GradleAttributesContainerUtilsKt              : loaded 2 times (x 69B)
Class com.google.common.collect.ImmutableMapEntrySet$RegularEntrySet                  : loaded 2 times (x 149B)
Class [Lcom.google.common.cache.RemovalListener;                                      : loaded 2 times (x 67B)
Class [Lcom.google.common.collect.ImmutableMapEntry;                                  : loaded 2 times (x 67B)
Class org.gradle.internal.exceptions.ResolutionProvider                               : loaded 2 times (x 68B)
Class org.jetbrains.kotlin.gradle.plugin.KotlinTargetConfiguratorKt$WhenMappings      : loaded 2 times (x 69B)
Class org.jetbrains.kotlin.gradle.internal.properties.PropertiesBuildService$property$1$valueFromGradleAndLocalProperties$1: loaded 2 times (x 73B)
Class org.jetbrains.kotlin.gradle.plugin.mpp.KotlinCompilationsKt                     : loaded 2 times (x 69B)
Class org.gradle.internal.installation.CurrentGradleInstallation                      : loaded 2 times (x 71B)
Class org.jetbrains.kotlin.gradle.plugin.sources.FragmentConsistencyChecks$languageVersionCheck$1: loaded 2 times (x 77B)
Class [Lorg.jetbrains.kotlin.konan.target.Architecture;                               : loaded 2 times (x 67B)
Class org.jetbrains.kotlin.gradle.plugin.sources.FragmentConsistencyChecks$languageVersionCheck$2: loaded 2 times (x 76B)
Class org.jetbrains.kotlin.gradle.internal.diagnostics.GradleCompatibilityCheck$DefaultCurrentGradleVersionProvider: loaded 2 times (x 72B)
Class org.gradle.internal.installation.CurrentGradleInstallationLocator               : loaded 2 times (x 69B)
Class [Lcom.google.common.cache.LocalCache$Segment;                                   : loaded 2 times (x 67B)
Class org.gradle.api.internal.classpath.Module                                        : loaded 2 times (x 68B)
Class org.jetbrains.kotlin.gradle.plugin.KotlinGradlePluginExtensionPointInternal$registeredExtensions$2: loaded 2 times (x 76B)
Class com.google.common.collect.ImmutableSortedSet                                    : loaded 2 times (x 233B)
Class org.jetbrains.kotlin.gradle.plugin.KotlinProjectSetupActionKt                   : loaded 2 times (x 69B)
Class org.jetbrains.kotlin.gradle.plugin.mpp.KotlinTargetSoftwareComponent            : loaded 2 times (x 87B)
Class org.jetbrains.kotlin.gradle.internal.KotlinTestDependencyManagementKt$configureKotlinTestDependency$2: loaded 2 times (x 73B)
Class org.jetbrains.kotlin.gradle.plugin.mpp.compilationImpl.KotlinCompilationSourceSetsContainerKt: loaded 2 times (x 69B)
Class org.jetbrains.kotlin.gradle.internal.ClassLoadersCachingBuildService$Companion$registerIfAbsent$2$1: loaded 2 times (x 77B)
Class org.jetbrains.kotlin.gradle.report.BuildReportMode                              : loaded 2 times (x 77B)
Class com.google.common.collect.ImmutableSet$JdkBackedSetBuilderImpl                  : loaded 2 times (x 74B)
Class org.jetbrains.kotlin.gradle.plugin.diagnostics.KotlinToolingDiagnosticsCollector$Inject: loaded 2 times (x 94B)
Class org.jetbrains.kotlin.gradle.plugin.KotlinPluginLifecycleImpl$launch$1           : loaded 2 times (x 77B)
Class org.jetbrains.kotlin.gradle.utils.CompilerOptionsKt                             : loaded 2 times (x 69B)
Class com.google.common.collect.ImmutableSet$RegularSetBuilderImpl                    : loaded 2 times (x 75B)
Class org.jetbrains.kotlin.build.report.metrics.ValueType                             : loaded 2 times (x 77B)
Class org.jetbrains.kotlin.gradle.plugin.PropertiesProvider$kotlinExperimentalTryNext$1: loaded 2 times (x 73B)
Class [Lorg.objectweb.asm.AnnotationWriter;                                           : loaded 2 times (x 67B)
Class org.gradle.internal.service.CachingServiceLocator                               : loaded 2 times (x 80B)
Class org.jetbrains.kotlin.konan.target.KonanTarget$Companion                         : loaded 2 times (x 69B)
Class [Lorg.jetbrains.kotlin.gradle.plugin.KotlinPluginLifecycle$CoroutineStart;      : loaded 2 times (x 67B)
Class org.jetbrains.kotlin.gradle.plugin.KotlinPlatformType$Companion                 : loaded 2 times (x 69B)
Class kotlin.NoWhenBranchMatchedException                                             : loaded 2 times (x 80B)
Class org.jetbrains.kotlin.gradle.plugin.AndroidGradlePluginVersion$Companion         : loaded 2 times (x 69B)
Class org.jetbrains.kotlin.gradle.tasks.configuration.BaseKotlinCompileConfig$1$classpathConfiguration$jvmToolchain$1: loaded 2 times (x 72B)
Class org.jetbrains.kotlin.gradle.tooling.BuildKotlinToolingMetadataTaskKt            : loaded 2 times (x 69B)
Class org.gradle.internal.time.Timer                                                  : loaded 2 times (x 68B)
Class org.jetbrains.kotlin.gradle.plugin.internal.CustomPropertiesFileValueSource     : loaded 2 times (x 80B)
Class [Lcom.google.common.collect.ImmutableEntry;                                     : loaded 2 times (x 67B)
Class org.objectweb.asm.ModuleVisitor                                                 : loaded 2 times (x 79B)
Class org.jetbrains.kotlin.gradle.internal.UsesClassLoadersCachingBuildService        : loaded 2 times (x 68B)
Class org.jetbrains.kotlin.gradle.plugin.VariantImplementationFactoriesConfigurator$Companion$getProvider$1: loaded 2 times (x 72B)
Class org.jetbrains.kotlin.gradle.plugin.PropertiesProvider$classLoaderCacheTimeoutInSeconds$1: loaded 2 times (x 73B)
Class com.google.common.collect.Sets$ImprovedAbstractSet                              : loaded 2 times (x 133B)
Class org.gradle.internal.classpath.DefaultClassPath                                  : loaded 2 times (x 88B)
Class org.jetbrains.kotlin.gradle.tasks.configuration.KaptGenerateStubsConfig         : loaded 2 times (x 70B)
Class org.jetbrains.kotlin.gradle.plugin.KotlinBasePlugin                             : loaded 2 times (x 68B)
Class org.jetbrains.kotlin.gradle.plugin.diagnostics.checkers.WasmSourceSetsNotFoundChecker: loaded 2 times (x 72B)
Class org.jetbrains.kotlin.gradle.plugin.diagnostics.checkers.JsEnvironmentChecker$1  : loaded 2 times (x 76B)
Class org.jetbrains.kotlin.gradle.artifacts.KotlinLegacyCompatibilityMetadataArtifactKt: loaded 2 times (x 69B)
Class org.jetbrains.kotlin.gradle.plugin.mpp.KotlinCompilationsKt$moduleNameForCompilation$1: loaded 2 times (x 73B)
Class org.jetbrains.kotlin.gradle.plugin.diagnostics.checkers.JsEnvironmentChecker$2  : loaded 2 times (x 76B)
Class org.jetbrains.kotlin.gradle.plugin.KotlinGradlePluginExtensionPointInternal     : loaded 2 times (x 74B)
Class org.jetbrains.kotlin.gradle.plugin.mpp.KotlinNativeTarget                       : loaded 2 times (x 171B)
Class org.jetbrains.kotlin.gradle.plugin.diagnostics.checkers.JsEnvironmentChecker$3  : loaded 2 times (x 76B)
Class org.jetbrains.kotlin.gradle.plugin.KotlinGradleBuildServices$detectKotlinPluginLoadedInMultipleProjects$onRegister$1: loaded 2 times (x 77B)
Class org.jetbrains.kotlin.gradle.targets.js.dsl.KotlinTargetWithNodeJsDsl            : loaded 2 times (x 68B)
Class [Lorg.jetbrains.kotlin.gradle.report.BuildReportType;                           : loaded 2 times (x 67B)
Class org.jetbrains.kotlin.gradle.fus.BuildUidService                                 : loaded 2 times (x 78B)
Class org.jetbrains.kotlin.gradle.internal.StdlibDependencyManagementKt               : loaded 2 times (x 69B)
Class org.jetbrains.kotlin.gradle.plugin.diagnostics.checkers.OverriddenKotlinNativeHomeChecker$allKonanMainSubdirectoriesExist$1$1: loaded 2 times (x 73B)
Class ijInit1_4yd3rltc86niuiogscc0z3cr6                                               : loaded 2 times (x 169B)
Class com.google.common.collect.CollectCollectors                                     : loaded 2 times (x 69B)
Class org.jetbrains.kotlin.gradle.plugin.mpp.KotlinUsages$KotlinCinteropDisambiguation: loaded 2 times (x 74B)
Class org.jetbrains.kotlin.gradle.plugin.AbstractKotlinPlugin                         : loaded 2 times (x 77B)
Class org.jetbrains.kotlin.gradle.plugin.diagnostics.checkers.WasmWasiEnvironmentChecker: loaded 2 times (x 74B)
Class org.jetbrains.kotlin.gradle.dsl.KotlinMultiplatformSourceSetConventions         : loaded 2 times (x 68B)
Class org.jetbrains.kotlin.gradle.plugin.diagnostics.checkers.OverriddenKotlinNativeHomeChecker: loaded 2 times (x 72B)
Class org.jetbrains.kotlin.gradle.plugin.mpp.compilationImpl.KotlinCompilationSourceSetInclusion$DefaultAddSourcesToCompileTask: loaded 2 times (x 72B)
Class org.jetbrains.kotlin.gradle.targets.js.npm.DefaultDevNpmDependencyExtension     : loaded 2 times (x 143B)
Class org.jetbrains.kotlin.gradle.internal.IdeaKt$isInIdeaSync$1                      : loaded 2 times (x 72B)
Class org.jetbrains.kotlin.gradle.plugin.mpp.KotlinOnlyTarget                         : loaded 2 times (x 157B)
Class org.jetbrains.kotlin.gradle.plugin.mpp.compilationImpl.KotlinCompilationFriendPathsResolver: loaded 2 times (x 68B)
Class sync_studio_tooling1_dpdzk3ceammoo46do9eu3mi7a                                  : loaded 2 times (x 169B)
Class org.jetbrains.kotlin.gradle.dsl.KotlinJvmCompile                                : loaded 2 times (x 68B)
Class org.jetbrains.kotlin.gradle.plugin.sources.DefaultKotlinSourceSetKt$defaultSourceSetLanguageSettingsChecker$1: loaded 2 times (x 76B)
Class org.jetbrains.kotlin.gradle.plugin.sources.DefaultKotlinSourceSetKt$defaultSourceSetLanguageSettingsChecker$2: loaded 2 times (x 76B)
Class com.intellij.gradle.toolingExtension.util.GradleVersionUtil                     : loaded 2 times (x 69B)
Class org.jetbrains.kotlin.gradle.plugin.mpp.KotlinTargetSoftwareComponentImpl        : loaded 2 times (x 88B)
Class com.google.common.cache.LocalCache$LocalManualCache$1                           : loaded 2 times (x 73B)
Class kotlin.enums.EnumEntriesList                                                    : loaded 2 times (x 183B)
Class org.jetbrains.kotlin.gradle.plugin.diagnostics.KotlinGradleProjectChecker       : loaded 2 times (x 68B)
Class org.jetbrains.kotlin.gradle.internal.properties.NativePropertiesLoader$kotlinNativeVersion$1: loaded 2 times (x 73B)
Class org.jetbrains.kotlin.gradle.tasks.configuration.AbstractKotlinCompileConfigKt   : loaded 2 times (x 69B)
Class [Lorg.jetbrains.kotlin.gradle.plugin.sources.ConsistencyCheck;                  : loaded 2 times (x 67B)
Class org.jetbrains.kotlin.gradle.plugin.KotlinSourceSet                              : loaded 2 times (x 68B)
Class org.jetbrains.kotlin.gradle.internal.KotlinTestDependencyManagementKt$configureKotlinTestDependency$1: loaded 2 times (x 77B)
Class org.jetbrains.kotlin.gradle.plugin.ProjectLocalConfigurations$ProjectLocalCompatibility: loaded 2 times (x 74B)
Class org.jetbrains.kotlin.gradle.tasks.configuration.KaptGenerateStubsConfig$Companion: loaded 2 times (x 69B)
Class build_2olidovac59ed7dx3gd9s47fh                                                 : loaded 2 times (x 175B)
Class org.jetbrains.kotlin.gradle.dsl.KotlinVersion                                   : loaded 2 times (x 77B)
Class org.jetbrains.kotlin.konan.target.HostManager                                   : loaded 2 times (x 70B)
Class org.jetbrains.kotlin.gradle.targets.js.npm.NpmDirectoryDependencyWithExternalsExtension: loaded 2 times (x 68B)
Class org.jetbrains.kotlin.gradle.report.BuildMetricsService$Companion                : loaded 2 times (x 69B)
Class org.jetbrains.kotlin.gradle.plugin.diagnostics.ToolingDiagnosticRenderingOptions$Companion: loaded 2 times (x 69B)
Class org.jetbrains.kotlin.gradle.plugin.KotlinGradlePluginExtensionPoint             : loaded 2 times (x 68B)
Class Build_gradle$7                                                                  : loaded 2 times (x 72B)
Class [Lorg.jetbrains.kotlin.gradle.plugin.mpp.KotlinUsageContext$MavenScope;         : loaded 2 times (x 67B)
Class org.objectweb.asm.SymbolTable$Entry                                             : loaded 2 times (x 72B)
Class [Lcom.google.common.cache.LocalCache$EntryFactory;                              : loaded 2 times (x 67B)
Class [Lorg.jetbrains.kotlin.tooling.core.HasExtras;                                  : loaded 2 times (x 67B)
Class org.jetbrains.kotlin.konan.target.KonanTarget$IOS_ARM64                         : loaded 2 times (x 76B)
Class org.jetbrains.kotlin.gradle.plugin.KotlinTarget                                 : loaded 2 times (x 68B)
Class org.jetbrains.kotlin.gradle.targets.js.npm.NpmDependencyExtensionKt             : loaded 2 times (x 69B)
Class org.jetbrains.kotlin.konan.target.KonanTarget$ANDROID_ARM32                     : loaded 2 times (x 76B)
Class org.jetbrains.kotlin.konan.target.KonanTarget$LINUX_X64                         : loaded 2 times (x 76B)
Class com.google.common.base.CharMatcher$Is                                           : loaded 2 times (x 109B)
Class com.google.common.base.Platform                                                 : loaded 2 times (x 69B)
Class com.google.common.collect.RegularImmutableAsList                                : loaded 2 times (x 176B)
Class org.jetbrains.kotlin.gradle.plugin.diagnostics.checkers.PreHmppDependenciesUsageChecker: loaded 2 times (x 72B)
Class org.jetbrains.kotlin.gradle.plugin.diagnostics.KotlinGradleProjectCheckerContext: loaded 2 times (x 70B)
Class org.jetbrains.kotlin.gradle.plugin.mpp.InternalKotlinTargetKt$isSourcesPublishableFuture$2: loaded 2 times (x 93B)
Class org.jetbrains.kotlin.gradle.plugin.KotlinCompilationInfoKt                      : loaded 2 times (x 69B)
Class org.gradle.internal.time.Time                                                   : loaded 2 times (x 69B)
Class org.jetbrains.kotlin.gradle.dsl.KotlinPublishingDsl                             : loaded 2 times (x 68B)
Class org.jetbrains.kotlin.gradle.plugin.KotlinGradleFinishBuildHandler$Companion     : loaded 2 times (x 69B)
Class org.jetbrains.kotlin.gradle.plugin.diagnostics.checkers.NativeVersionChecker$runChecks$nativeVersion$1: loaded 2 times (x 72B)
Class org.jetbrains.kotlin.gradle.artifacts.KotlinJsKlibArtifactKt$KotlinJsKlibArtifact$1: loaded 2 times (x 72B)
Class org.jetbrains.kotlin.gradle.plugin.KotlinTargetsContainer                       : loaded 2 times (x 68B)
Class org.jetbrains.kotlin.gradle.internal.IsInIdeaSyncValueSource$Inject             : loaded 2 times (x 107B)
Class org.jetbrains.kotlin.project.model.LanguageSettings                             : loaded 2 times (x 68B)
Class org.jetbrains.kotlin.gradle.tasks.configuration.AbstractKotlinCompileConfigKt$sam$org_gradle_api_Action$0: loaded 2 times (x 73B)
Class org.gradle.internal.time.TimeSource$1                                           : loaded 2 times (x 75B)
Class org.jetbrains.kotlin.gradle.plugin.sources.DefaultKotlinSourceSetKt             : loaded 2 times (x 69B)
Class org.jetbrains.kotlin.gradle.tasks.CompileUsingKotlinDaemonWithNormalization     : loaded 2 times (x 68B)
Class org.jetbrains.kotlin.gradle.plugin.sources.DefaultKotlinSourceSet$special$$inlined$Iterable$1: loaded 2 times (x 77B)
Class org.jetbrains.kotlin.gradle.plugin.diagnostics.KotlinGradleProjectCheckersRunnerKt: loaded 2 times (x 69B)
Class kotlin.KotlinNullPointerException                                               : loaded 2 times (x 81B)
Class org.jetbrains.kotlin.gradle.targets.jvm.KotlinJvmTargetTestFixturesSideEffectKt : loaded 2 times (x 69B)
Class com.google.common.collect.ImmutableMapEntrySet                                  : loaded 2 times (x 149B)
Class org.jetbrains.kotlin.gradle.plugin.KotlinTargetWithTests                        : loaded 2 times (x 68B)
Class org.jetbrains.kotlin.gradle.plugin.mpp.compilationImpl.KotlinCompilationSourceSetInclusion$DefaultAddSourcesToCompileTask$addSources$1: loaded 2 times (x 77B)
Class org.jetbrains.kotlin.gradle.plugin.diagnostics.checkers.WasmJsEnvironmentChecker$1: loaded 2 times (x 76B)
Class org.jetbrains.kotlin.gradle.internal.utils.CollectionsKt                        : loaded 2 times (x 69B)
Class org.jetbrains.kotlin.gradle.plugin.mpp.compilationImpl.KotlinCompilationSourceSetInclusion$DefaultAddSourcesToCompileTask$addSources$2: loaded 2 times (x 77B)
Class org.jetbrains.kotlin.gradle.plugin.KotlinTargetComponent                        : loaded 2 times (x 68B)
Class org.jetbrains.kotlin.gradle.plugin.diagnostics.checkers.WasmJsEnvironmentChecker$2: loaded 2 times (x 76B)
Class org.jetbrains.kotlin.gradle.plugin.sources.DefaultKotlinSourceSet$MetadataDependencyTransformation: loaded 2 times (x 70B)
Class org.jetbrains.kotlin.gradle.plugin.diagnostics.checkers.WasmJsEnvironmentChecker$3: loaded 2 times (x 76B)
Class org.jetbrains.kotlin.gradle.plugin.diagnostics.checkers.WasmJsEnvironmentChecker$4: loaded 2 times (x 76B)
Class com.google.common.cache.CacheLoader                                             : loaded 2 times (x 72B)
Class org.jetbrains.kotlin.gradle.plugin.mpp.KotlinUsageContext                       : loaded 2 times (x 68B)
Class org.jetbrains.kotlin.gradle.internal.Kapt3GradleSubplugin$Companion             : loaded 2 times (x 69B)
Class org.jetbrains.kotlin.gradle.internal.properties.NativePropertiesLoader$isToolchainEnabled$1: loaded 2 times (x 73B)
Class org.jetbrains.kotlin.gradle.plugin.mpp.KotlinVariantWithCoordinates             : loaded 2 times (x 106B)
Class org.objectweb.asm.MethodTooLargeException                                       : loaded 2 times (x 81B)
Class org.jetbrains.kotlin.gradle.plugin.diagnostics.checkers.DisabledNativeTargetsChecker$runChecks$1: loaded 2 times (x 86B)
Class org.jetbrains.kotlin.gradle.utils.StoredPropertyKt$projectStoredProperty$1      : loaded 2 times (x 76B)
Class org.jetbrains.kotlin.gradle.targets.native.KotilnNativeConfigureBinariesSideEffectKt: loaded 2 times (x 69B)
Class org.jetbrains.kotlin.gradle.plugin.diagnostics.checkers.OverriddenKotlinNativeHomeChecker$StdlibExistenceCheckerValueSource$Companion: loaded 2 times (x 69B)
Class org.jetbrains.kotlin.gradle.utils.GradleUtilsKt                                 : loaded 2 times (x 69B)
Class com.google.common.cache.Cache                                                   : loaded 2 times (x 68B)
Class org.jetbrains.kotlin.gradle.plugin.mpp.AbstractKotlinCompilationToRunnableFiles : loaded 2 times (x 194B)
Class org.jetbrains.kotlin.gradle.targets.native.KonanPropertiesBuildService$Companion$registerIfAbsent$1: loaded 2 times (x 73B)
Class org.jetbrains.kotlin.gradle.dsl.KotlinBaseExtension                             : loaded 2 times (x 68B)
Class org.gradle.internal.classloader.SystemClassLoaderSpec                           : loaded 2 times (x 69B)
Class org.jetbrains.kotlin.gradle.plugin.LanguageSettingsBuilder                      : loaded 2 times (x 68B)
Class org.jetbrains.kotlin.gradle.targets.native.ConfigureFrameworkExportSideEffectKt$special$$inlined$KotlinTargetSideEffect$1: loaded 2 times (x 72B)
Class org.jetbrains.kotlin.gradle.targets.native.toolchain.UsesKotlinNativeBundleBuildService: loaded 2 times (x 68B)
Class com.google.common.util.concurrent.internal.InternalFutureFailureAccess          : loaded 2 times (x 70B)
Class org.jetbrains.kotlin.gradle.plugin.KotlinSourceSetTree                          : loaded 2 times (x 70B)
Class org.jetbrains.kotlin.gradle.plugin.VariantImplementationFactories$VariantImplementationFactory: loaded 2 times (x 68B)
Class org.jetbrains.kotlin.gradle.targets.native.internal.PlatformLibrariesGenerator$GeneratedPlatformLibrariesService: loaded 2 times (x 74B)
Class org.jetbrains.kotlin.gradle.plugin.mpp.compilationImpl.factory.ConfigurationNaming$Default: loaded 2 times (x 73B)
Class org.jetbrains.kotlin.gradle.plugin.KotlinGradleBuildServices$Parameters$Inject  : loaded 2 times (x 104B)
Class org.jetbrains.kotlin.gradle.utils.FileUtilsKt$localProperties$1                 : loaded 2 times (x 73B)
Class com.google.common.collect.SingletonImmutableSet                                 : loaded 2 times (x 144B)
Class org.jetbrains.kotlin.gradle.plugin.mpp.compilationImpl.KotlinCompilationSourceSetInclusion$AddSourcesToCompileTask: loaded 2 times (x 68B)
Class org.jetbrains.kotlin.konan.util.Named                                           : loaded 2 times (x 68B)
Class org.jetbrains.kotlin.gradle.plugin.KotlinBasePluginWrapper                      : loaded 2 times (x 84B)
Class org.jetbrains.kotlin.gradle.plugin.mpp.compilationImpl.KotlinCreateCompilationArchiveTaskKt$KotlinRegisterCompilationArchiveTasksExtension$1: loaded 2 times (x 72B)
Class com.google.common.collect.ImmutableMap$Builder                                  : loaded 2 times (x 79B)
Class org.jetbrains.kotlin.gradle.tasks.configuration.TaskConfigAction                : loaded 2 times (x 70B)
Class org.jetbrains.kotlin.konan.target.KonanTarget$WATCHOS_X64                       : loaded 2 times (x 76B)
Class org.jetbrains.kotlin.compilerRunner.GradleCliCommonizerKt$maybeCreateCommonizerClasspathConfiguration$1$1: loaded 2 times (x 73B)
Class org.jetbrains.kotlin.gradle.plugin.mpp.KotlinJvmAndroidCompilation              : loaded 2 times (x 196B)
Class org.jetbrains.kotlin.gradle.plugin.internal.DefaultMavenPublicationComponentAccessor: loaded 2 times (x 73B)
Class org.jetbrains.kotlin.gradle.dsl.KotlinProjectExtension                          : loaded 2 times (x 120B)
Class org.jetbrains.kotlin.gradle.plugin.KotlinPlatformType$CompatibilityRule         : loaded 2 times (x 74B)
Class org.jetbrains.kotlin.gradle.dsl.KotlinGradlePluginDsl                           : loaded 2 times (x 68B)
Class org.jetbrains.kotlin.gradle.internal.IdeaKt                                     : loaded 2 times (x 69B)
Class org.objectweb.asm.ClassWriter                                                   : loaded 2 times (x 104B)
Class org.jetbrains.kotlin.gradle.targets.js.npm.NpmDependency                        : loaded 2 times (x 84B)
Class org.jetbrains.kotlin.gradle.plugin.AbstractKotlinMultiplatformPluginWrapper     : loaded 2 times (x 84B)
Class org.jetbrains.kotlin.gradle.plugin.KotlinGradleFinishBuildHandler               : loaded 2 times (x 70B)
Class org.jetbrains.kotlin.gradle.plugin.mpp.MppSourcesJarKt                          : loaded 2 times (x 69B)
Class org.jetbrains.kotlin.gradle.plugin.internal.UsesBuildIdProviderService          : loaded 2 times (x 68B)
Class org.jetbrains.kotlin.gradle.internal.KotlinDomApiDependencyManagementKt$configureKotlinDomApiDefaultDependency$1: loaded 2 times (x 77B)
Class org.jetbrains.kotlin.gradle.targets.js.dsl.KotlinWasmSubTargetContainerDsl      : loaded 2 times (x 68B)
Class org.jetbrains.kotlin.gradle.plugin.diagnostics.ToolingDiagnosticFactory         : loaded 2 times (x 71B)
Class org.jetbrains.kotlin.gradle.plugin.mpp.SyncLanguageSettingsWithKotlinExtensionSetupActionKt: loaded 2 times (x 69B)
Class org.jetbrains.kotlin.gradle.plugin.sources.KotlinDependencyScope$Companion      : loaded 2 times (x 69B)
Class org.jetbrains.kotlin.gradle.plugin.mpp.InternalKotlinTargetKt$special$$inlined$extrasStoredFuture$1: loaded 2 times (x 77B)
Class org.jetbrains.kotlin.gradle.plugin.mpp.compilationImpl.KotlinCreateLifecycleTasksSideEffectKt$KotlinCreateLifecycleTasksSideEffect$1: loaded 2 times (x 72B)
Class org.jetbrains.kotlin.gradle.targets.native.toolchain.KotlinNativeBundleBuildService$Companion: loaded 2 times (x 69B)
Class org.jetbrains.kotlin.gradle.plugin.KotlinGradleBuildServices$Companion$registerIfAbsent$1: loaded 2 times (x 73B)
Class com.google.common.collect.Range                                                 : loaded 2 times (x 85B)
Class org.jetbrains.kotlin.gradle.plugin.hierarchy.KotlinSourceSetTreeClassifierKt$classify$1: loaded 2 times (x 86B)
Class org.jetbrains.kotlin.gradle.plugin.KotlinProjectSetupActionKt$KotlinProjectSetupCoroutine$1: loaded 2 times (x 73B)
Class org.jetbrains.kotlin.gradle.internal.KotlinTestDependencyManagementKt$maybeAddTestDependencyCapability$1: loaded 2 times (x 73B)
Class org.jetbrains.kotlin.gradle.plugin.diagnostics.checkers.IncorrectCompileOnlyDependenciesChecker$runChecks$1: loaded 2 times (x 86B)
Class org.jetbrains.kotlin.gradle.plugin.diagnostics.checkers.UnusedSourceSetsChecker$runChecks$1: loaded 2 times (x 86B)
Class [Lcom.google.common.cache.CacheBuilder$OneWeigher;                              : loaded 2 times (x 67B)
Class org.jetbrains.kotlin.gradle.plugin.internal.BuildIdService$Companion            : loaded 2 times (x 69B)
Class org.jetbrains.kotlin.gradle.targets.js.npm.NpmDependency$Scope                  : loaded 2 times (x 77B)
Class kotlin.collections.AbstractCollection                                           : loaded 2 times (x 115B)
Class org.jetbrains.kotlin.gradle.plugin.mpp.KotlinUsages$KotlinMetadataDisambiguation: loaded 2 times (x 74B)
Class com.google.common.base.CharMatcher$1                                            : loaded 2 times (x 111B)
Class org.jetbrains.kotlin.gradle.plugin.mpp.KotlinCompilationFactory                 : loaded 2 times (x 68B)
Class com.google.common.cache.LocalCache$ComputingValueReference                      : loaded 2 times (x 94B)
Class org.jetbrains.kotlin.gradle.tasks.DefaultKotlinJavaToolchain$Companion$wireJvmTargetToToolchain$1: loaded 2 times (x 73B)
Class org.jetbrains.kotlin.gradle.tasks.DefaultKotlinJavaToolchain$Companion$wireJvmTargetToToolchain$2: loaded 2 times (x 73B)
Class org.jetbrains.kotlin.gradle.dsl.KotlinJvmOptions                                : loaded 2 times (x 68B)
Class org.jetbrains.kotlin.gradle.internal.diagnostics.KotlinCompilerEmbeddableCheck  : loaded 2 times (x 69B)
Class org.jetbrains.kotlin.gradle.plugin.diagnostics.checkers.AndroidSourceSetLayoutV1SourceSetsNotFoundChecker$runChecks$1: loaded 2 times (x 86B)
Class com.google.common.base.CharMatcher$And                                          : loaded 2 times (x 110B)
Class org.jetbrains.kotlin.gradle.plugin.KotlinTargetsContainerWithPresets            : loaded 2 times (x 68B)
Class org.jetbrains.kotlin.gradle.plugin.mpp.ApplyUserDefinedAttributesKt             : loaded 2 times (x 69B)
Class org.jetbrains.kotlin.gradle.utils.MutableObservableSet                          : loaded 2 times (x 68B)
Class com.google.common.collect.IndexedImmutableSet                                   : loaded 2 times (x 148B)
Class org.jetbrains.kotlin.gradle.plugin.KotlinCompilation$DefaultImpls               : loaded 2 times (x 69B)
Class org.jetbrains.kotlin.gradle.internal.KotlinDomApiDependencyManagementKt$addKotlinDomApiDependency$1: loaded 2 times (x 73B)
Class org.jetbrains.kotlin.konan.target.KonanTarget$ANDROID_ARM64                     : loaded 2 times (x 76B)
Class org.jetbrains.kotlin.konan.target.KonanTarget$WATCHOS_DEVICE_ARM64              : loaded 2 times (x 76B)
Class org.jetbrains.kotlin.gradle.plugin.internal.ConfigurationCacheStartParameterAccessorKt: loaded 2 times (x 69B)
Class org.jetbrains.kotlin.gradle.plugin.diagnostics.checkers.DisabledNativeTargetsChecker: loaded 2 times (x 72B)
Class org.jetbrains.kotlin.gradle.internal.properties.NativePropertiesLoader$actualNativeHomeDirectory$1: loaded 2 times (x 73B)
Class org.jetbrains.kotlin.gradle.internal.properties.NativePropertiesLoader$actualNativeHomeDirectory$2: loaded 2 times (x 72B)
Class org.jetbrains.kotlin.gradle.internal.properties.NativePropertiesLoader$actualNativeHomeDirectory$3: loaded 2 times (x 73B)
Class org.jetbrains.kotlin.gradle.plugin.diagnostics.KotlinToolingDiagnosticsSetupActionKt: loaded 2 times (x 69B)
Class org.jetbrains.kotlin.gradle.plugin.internal.DefaultProjectIsolationStartParameterAccessor$Factory: loaded 2 times (x 74B)
Class org.jetbrains.kotlin.gradle.plugin.KotlinPluginWrapperKt$kotlinToolingVersion$2 : loaded 2 times (x 76B)
Class org.jetbrains.kotlin.gradle.utils.StoredPropertyKt                              : loaded 2 times (x 69B)
Class org.jetbrains.kotlin.gradle.plugin.KotlinSourceSetContainer                     : loaded 2 times (x 68B)
Class org.jetbrains.kotlin.gradle.plugin.internal.ProjectIsolationStartParameterAccessor$Factory: loaded 2 times (x 68B)
Class org.jetbrains.kotlin.tooling.core.Extras$Key                                    : loaded 2 times (x 70B)
Class org.jetbrains.kotlin.gradle.tasks.K2MultiplatformCompilationTask                : loaded 2 times (x 68B)
Class org.jetbrains.kotlin.gradle.artifacts.KotlinNativeHostSpecificMetadataArtifactKt$KotlinNativeHostSpecificMetadataArtifact$1: loaded 2 times (x 72B)
Class org.jetbrains.kotlin.gradle.targets.js.npm.NpmDependencyExtensionKt$AddNpmDependencyExtensionProjectSetupAction$1: loaded 2 times (x 72B)
Class com.google.common.collect.IndexedImmutableSet$1                                 : loaded 2 times (x 172B)
Class org.jetbrains.kotlin.gradle.ExternalKotlinTargetApi                             : loaded 2 times (x 68B)
Class com.google.common.collect.AbstractListMultimap                                  : loaded 2 times (x 170B)
Class kotlin.collections.AbstractList                                                 : loaded 2 times (x 157B)
Class org.jetbrains.kotlin.gradle.plugin.mpp.compilationImpl.KotlinCompilationImpl$associateWith$2: loaded 2 times (x 77B)
Class org.jetbrains.kotlin.gradle.utils.ConfigurationCacheOpaqueValueSource           : loaded 2 times (x 77B)
Class com.google.common.cache.LocalCache$Strength                                     : loaded 2 times (x 79B)
Class org.jetbrains.kotlin.gradle.plugin.diagnostics.CheckKotlinGradlePluginConfigurationErrorsKt: loaded 2 times (x 69B)
Class org.jetbrains.kotlin.gradle.tooling.BuildKotlinToolingMetadataTaskKt$buildKotlinToolingMetadataTask$1: loaded 2 times (x 76B)
Class org.jetbrains.kotlin.gradle.utils.ConfigurationCacheOpaqueValue                 : loaded 2 times (x 70B)
Class org.jetbrains.kotlin.gradle.utils.FailuresKt                                    : loaded 2 times (x 69B)
Class org.jetbrains.kotlin.gradle.internal.properties.NativePropertiesLoader$nativeCacheKind$1: loaded 2 times (x 73B)
Class com.google.common.collect.AbstractMapBasedMultimap$KeySet                       : loaded 2 times (x 135B)
Class org.jetbrains.kotlin.gradle.plugin.mpp.KotlinTargetSoftwareComponentImplKt      : loaded 2 times (x 69B)
Class org.jetbrains.kotlin.gradle.plugin.KotlinPluginLifecycle$ProjectConfigurationResult$Failure: loaded 2 times (x 70B)
Class org.jetbrains.kotlin.gradle.dsl.KotlinTargetContainerWithNativeShortcuts        : loaded 2 times (x 68B)
Class org.jetbrains.kotlin.gradle.targets.native.KonanPropertiesBuildService$Companion$registerIfAbsent$2$1: loaded 2 times (x 77B)
Class com.google.common.collect.SortedIterable                                        : loaded 2 times (x 68B)
Class com.google.common.collect.ArrayListMultimapGwtSerializationDependencies         : loaded 2 times (x 170B)
Class org.jetbrains.kotlin.gradle.plugin.mpp.compilationImpl.KotlinCompilationImpl$Params: loaded 2 times (x 70B)
Class org.objectweb.asm.Handler                                                       : loaded 2 times (x 70B)
Class org.gradle.api.internal.classpath.GlobalCacheRootsProvider                      : loaded 2 times (x 68B)
Class org.jetbrains.kotlin.gradle.plugin.mpp.SyncLanguageSettingsWithKotlinExtensionSetupActionKt$SyncLanguageSettingsWithKotlinExtensionSetupAction$1$1: loaded 2 times (x 73B)
Class org.jetbrains.kotlin.gradle.plugin.mpp.SyncLanguageSettingsWithKotlinExtensionSetupActionKt$SyncLanguageSettingsWithKotlinExtensionSetupAction$1$2: loaded 2 times (x 73B)
Class org.jetbrains.kotlin.gradle.plugin.ProjectLocalConfigurationsKt                 : loaded 2 times (x 69B)
Class org.gradle.tooling.internal.gradle.GradleProjectIdentity                        : loaded 2 times (x 68B)
Class org.jetbrains.kotlin.gradle.dsl.KotlinJvmCompilerOptionsHelper                  : loaded 2 times (x 69B)
Class org.jetbrains.kotlin.gradle.plugin.mpp.ApplyUserDefinedAttributesKt$UserDefinedAttributesSetupAction$1$1$3: loaded 2 times (x 73B)
Class com.google.common.collect.ImmutableList$SubList                                 : loaded 2 times (x 168B)
Class [Lorg.jetbrains.kotlin.konan.util.Named;                                        : loaded 2 times (x 67B)
Class org.jetbrains.kotlin.gradle.plugin.diagnostics.checkers.CommonMainOrTestWithDependsOnChecker: loaded 2 times (x 72B)
Class org.jetbrains.kotlin.gradle.plugin.mpp.KotlinUsages$setupAttributesMatchingStrategy$1: loaded 2 times (x 72B)
Class com.google.common.cache.LocalCache$ValueReference                               : loaded 2 times (x 68B)
Class org.gradle.internal.time.CountdownTimer                                         : loaded 2 times (x 68B)
Class org.gradle.internal.time.Clock                                                  : loaded 2 times (x 68B)
Class org.jetbrains.kotlin.gradle.dsl.KotlinTopLevelExtension                         : loaded 2 times (x 68B)
Class org.jetbrains.kotlin.gradle.dsl.JvmTarget                                       : loaded 2 times (x 77B)
Class org.jetbrains.kotlin.gradle.plugin.diagnostics.checkers.WasmSourceSetsNotFoundChecker$runChecks$1: loaded 2 times (x 86B)
Class org.jetbrains.kotlin.gradle.utils.ObservableSet                                 : loaded 2 times (x 68B)
Class org.jetbrains.kotlin.gradle.plugin.mpp.MppSourcesJarKt$sourcesJarTaskNamed$result$1: loaded 2 times (x 77B)
Class org.jetbrains.kotlin.gradle.utils.KotlinExtensionUtilsKt$forAllTargets$1        : loaded 2 times (x 93B)
Class org.jetbrains.kotlin.gradle.utils.NativeCompilerDownloader$Companion$DEFAULT_KONAN_VERSION$2: loaded 2 times (x 76B)
Class org.jetbrains.kotlin.gradle.plugin.PropertiesProvider$useClasspathSnapshot$1    : loaded 2 times (x 77B)
Class org.gradle.internal.classloader.ClasspathUtil                                   : loaded 2 times (x 69B)
Class org.jetbrains.kotlin.gradle.internal.StdlibDependencyManagementKt$configureStdlibVersionAlignment$1: loaded 2 times (x 73B)
Class org.objectweb.asm.CurrentFrame                                                  : loaded 2 times (x 71B)
Class com.google.common.util.concurrent.AbstractFuture                                : loaded 2 times (x 93B)
Class org.jetbrains.kotlin.gradle.targets.native.internal.CommonizerTasksKt           : loaded 2 times (x 69B)
Class org.jetbrains.kotlin.gradle.plugin.KotlinPluginLifecycleImpl$WhenMappings       : loaded 2 times (x 69B)
Class kotlin.NotImplementedError                                                      : loaded 2 times (x 80B)
Class org.jetbrains.kotlin.gradle.targets.native.toolchain.KotlinNativeBundleBuildService$Companion$registerIfAbsent$1: loaded 2 times (x 73B)
Class org.jetbrains.kotlin.gradle.dsl.KotlinCommonCompilerToolOptions                 : loaded 2 times (x 68B)
Class org.jetbrains.kotlin.gradle.utils.GradleConfigurationUtilsKt$addGradlePluginMetadataAttributes$1: loaded 2 times (x 73B)
Class org.jetbrains.kotlin.gradle.utils.GradleConfigurationUtilsKt                    : loaded 2 times (x 69B)
Class org.gradle.tooling.model.BuildIdentifier                                        : loaded 2 times (x 68B)
Class org.jetbrains.kotlin.gradle.tasks.CompileUsingKotlinDaemon                      : loaded 2 times (x 68B)
Class org.jetbrains.kotlin.gradle.plugin.RegisterKotlinPluginExtensionsKt             : loaded 2 times (x 69B)
Class org.jetbrains.kotlin.gradle.internal.transforms.BuildToolsApiClasspathEntrySnapshotTransform$Inject1: loaded 2 times (x 111B)
Class org.jetbrains.kotlin.gradle.dsl.KotlinCommonCompilerOptionsHelper               : loaded 2 times (x 69B)
Class ijInit1_4yd3rltc86niuiogscc0z3cr6$_run_closure1                                 : loaded 2 times (x 138B)
Class org.jetbrains.kotlin.konan.target.KonanTarget$MACOS_ARM64                       : loaded 2 times (x 76B)
Class org.jetbrains.kotlin.compilerRunner.GradleCliCommonizerKt                       : loaded 2 times (x 69B)
Class org.jetbrains.kotlin.gradle.internal.transforms.BuildToolsApiClasspathEntrySnapshotTransform: loaded 2 times (x 80B)
Class com.google.common.base.Ticker$1                                                 : loaded 2 times (x 70B)
Class com.google.common.collect.Maps$BiMapConverter                                   : loaded 2 times (x 88B)
Class org.gradle.api.internal.DefaultClassPathRegistry                                : loaded 2 times (x 74B)
Class org.jetbrains.kotlin.gradle.targets.ConfigureNonPackedKlibConsumingSideEffectKt$ConfigureNonPackedKlibConsumingSideEffect$1: loaded 2 times (x 72B)
Class org.jetbrains.kotlin.gradle.plugin.KotlinProjectSetupAction                     : loaded 2 times (x 68B)
Class org.jetbrains.kotlin.gradle.dsl.ToolchainSupport$Companion                      : loaded 2 times (x 69B)
Class com.google.common.collect.Iterators$SingletonIterator                           : loaded 2 times (x 79B)
Class org.jetbrains.kotlin.gradle.dsl.IosSourceSetConventionChecker$runChecks$1       : loaded 2 times (x 86B)
Class [Lorg.objectweb.asm.Symbol;                                                     : loaded 2 times (x 67B)
Class com.google.common.util.concurrent.AbstractFuture$Cancellation                   : loaded 2 times (x 70B)
Class org.jetbrains.kotlin.gradle.plugin.mpp.compilationImpl.CreateCInteropTasksSideEffectKt: loaded 2 times (x 69B)
Class org.jetbrains.kotlin.gradle.plugin.internal.CompatibilityConventionRegistrar    : loaded 2 times (x 68B)
Class com.google.common.collect.ImmutableSet$SetBuilderImpl                           : loaded 2 times (x 74B)
Class org.jetbrains.kotlin.gradle.dsl.KotlinProjectExtension$awaitSourceSets$1        : loaded 2 times (x 86B)
Class org.jetbrains.kotlin.gradle.targets.ConfigureBuildSideEffectKt$ConfigureBuildSideEffect$1: loaded 2 times (x 72B)
Class org.jetbrains.kotlin.gradle.plugin.KotlinGradleBuildServices$Parameters_Decorated: loaded 2 times (x 128B)
Class org.jetbrains.kotlin.gradle.plugin.internal.DefaultCompatibilityConventionRegistrar$Factory: loaded 2 times (x 74B)
Class org.gradle.api.internal.classpath.DefaultModuleRegistry$DefaultModule           : loaded 2 times (x 84B)
Class org.jetbrains.kotlin.gradle.plugin.diagnostics.checkers.KotlinTargetAlreadyDeclaredChecker$runChecks$1: loaded 2 times (x 86B)
Class org.jetbrains.kotlin.gradle.targets.native.SetupEmbedAndSignAppleFrameworkTaskSideEffectKt: loaded 2 times (x 69B)
Class org.jetbrains.kotlin.gradle.plugin.diagnostics.checkers.MissingNativeStdlibChecker$runChecks$1: loaded 2 times (x 86B)
Class org.jetbrains.kotlin.gradle.plugin.mpp.KotlinVariant                            : loaded 2 times (x 99B)
Class org.jetbrains.kotlin.gradle.utils.StoredLazyProperty                            : loaded 2 times (x 73B)
Class org.jetbrains.kotlin.gradle.targets.native.internal.SetupKotlinNativePlatformDependenciesAndStdlibKt$SetupKotlinNativePlatformDependenciesAndStdlib$1: loaded 2 times (x 72B)
Class com.google.common.collect.ImmutableMap$1                                        : loaded 2 times (x 79B)
Class org.jetbrains.kotlin.gradle.utils.WhenPluginEnabledKt$whenPluginsEnabled$1      : loaded 2 times (x 73B)
Class org.jetbrains.kotlin.gradle.targets.js.npm.NpmDependencyExtension               : loaded 2 times (x 68B)
Class org.jetbrains.kotlin.gradle.tasks.DefaultKotlinJavaToolchain$Companion          : loaded 2 times (x 69B)
Class org.jetbrains.kotlin.gradle.plugin.diagnostics.checkers.AndroidPluginWithoutAndroidTargetChecker: loaded 2 times (x 72B)
Class org.jetbrains.kotlin.gradle.targets.js.npm.PeerNpmDependencyExtension           : loaded 2 times (x 68B)
Class org.jetbrains.kotlin.gradle.plugin.PropertiesProvider$localProperties$2         : loaded 2 times (x 77B)
Class org.jetbrains.kotlin.gradle.plugin.UsesBuildFinishedListenerService             : loaded 2 times (x 68B)
Class org.jetbrains.kotlin.gradle.internal.KotlinDependenciesManagementKt$CustomizeKotlinDependenciesSetupAction$1: loaded 2 times (x 72B)
Class org.jetbrains.kotlin.tooling.core.TypeUtils$WhenMappings                        : loaded 2 times (x 69B)
Class org.jetbrains.kotlin.konan.target.KonanTarget                                   : loaded 2 times (x 76B)
Class org.jetbrains.kotlin.gradle.plugin.KotlinPlatformType                           : loaded 2 times (x 80B)
Class com.google.common.base.CharMatcher$Or                                           : loaded 2 times (x 110B)
Class org.jetbrains.kotlin.gradle.plugin.mpp.compilationImpl.factory.CompositePostConfigure: loaded 2 times (x 73B)
Class [Lorg.jetbrains.kotlin.gradle.plugin.HasProject;                                : loaded 2 times (x 67B)
Class org.jetbrains.kotlin.gradle.plugin.internal.DefaultConfigurationCacheStartParameterAccessorVariantFactory: loaded 2 times (x 74B)
Class org.jetbrains.kotlin.gradle.utils.CompilerOptionsKt$configureExperimentalTryNext$1$1: loaded 2 times (x 76B)
Class org.jetbrains.kotlin.gradle.plugin.mpp.KotlinMetadataCompilation                : loaded 2 times (x 68B)
Class org.jetbrains.kotlin.gradle.plugin.sources.KotlinDependencyScope                : loaded 2 times (x 77B)
Class org.jetbrains.kotlin.gradle.tasks.configuration.BaseKotlinCompileConfig$configureCommonParameters$1: loaded 2 times (x 72B)
Class org.jetbrains.kotlin.gradle.utils.ResourceUtilsKt                               : loaded 2 times (x 69B)
Class org.jetbrains.kotlin.gradle.plugin.sources.android.AndroidVariantType           : loaded 2 times (x 77B)
Class org.jetbrains.kotlin.gradle.tasks.configuration.BaseKotlinCompileConfig$configureCommonParameters$2: loaded 2 times (x 73B)
Class org.jetbrains.kotlin.gradle.plugin.AbstractKotlinJsPluginWrapper                : loaded 2 times (x 84B)
Class org.gradle.internal.time.TimeSource                                             : loaded 2 times (x 68B)
Class [Lorg.jetbrains.kotlin.gradle.plugin.sources.KotlinDependencyScope;             : loaded 2 times (x 67B)
Class org.jetbrains.kotlin.gradle.utils.ConfigurationsKt$maybeCreateDependencyScope$1 : loaded 2 times (x 76B)
Class org.jetbrains.kotlin.gradle.plugin.KotlinJsPluginWrapper                        : loaded 2 times (x 84B)
Class com.google.common.base.Suppliers$SupplierOfInstance                             : loaded 2 times (x 77B)
Class org.jetbrains.kotlin.konan.target.KonanTarget$TVOS_ARM64                        : loaded 2 times (x 76B)
Class org.objectweb.asm.RecordComponentVisitor                                        : loaded 2 times (x 75B)
Class org.jetbrains.kotlin.tooling.core.Extras$Entry$Companion                        : loaded 2 times (x 69B)
Class org.jetbrains.kotlin.gradle.plugin.mpp.HierarchyAttributeContainer              : loaded 2 times (x 81B)
Class org.jetbrains.kotlin.build.report.metrics.GradleBuildTime                       : loaded 2 times (x 84B)
Class org.jetbrains.kotlin.build.report.metrics.GradleBuildPerformanceMetric$Companion: loaded 2 times (x 69B)
Class org.jetbrains.kotlin.gradle.plugin.diagnostics.checkers.OverriddenKotlinNativeHomeChecker$StdlibExistenceCheckerValueSource$Params: loaded 2 times (x 68B)
Class org.jetbrains.kotlin.gradle.plugin.KotlinCompilationToRunnableFiles             : loaded 2 times (x 68B)
Class org.jetbrains.kotlin.gradle.dsl.KotlinProjectExtensionKt                        : loaded 2 times (x 69B)
Class org.jetbrains.kotlin.gradle.plugin.mpp.KotlinSoftwareComponentKt                : loaded 2 times (x 69B)
Class org.jetbrains.kotlin.gradle.tasks.UsesKotlinJavaToolchain                       : loaded 2 times (x 68B)
Class org.jetbrains.kotlin.gradle.plugin.mpp.KotlinTargetComponentWithCoordinatesAndPublication: loaded 2 times (x 68B)
Class org.jetbrains.kotlin.gradle.artifacts.KotlinMetadataArtifactKt$KotlinMetadataArtifact$1: loaded 2 times (x 72B)
Class org.jetbrains.kotlin.gradle.plugin.DefaultKotlinBasePlugin$addKotlinCompilerConfiguration$1: loaded 2 times (x 73B)
Class org.jetbrains.kotlin.gradle.utils.WhenEvaluatedKt                               : loaded 2 times (x 69B)
Class org.jetbrains.kotlin.tooling.core.ExtrasPropertyKt                              : loaded 2 times (x 69B)
Class org.jetbrains.kotlin.gradle.plugin.DefaultKotlinBasePlugin$addKotlinCompilerConfiguration$3: loaded 2 times (x 73B)
Class org.jetbrains.kotlin.gradle.internal.tasks.ProducesKlib                         : loaded 2 times (x 68B)
Class com.google.common.collect.Iterables                                             : loaded 2 times (x 69B)
Class org.jetbrains.kotlin.gradle.targets.CreateTargetConfigurationsSideEffectKt      : loaded 2 times (x 69B)
Class org.jetbrains.kotlin.gradle.plugin.VariantImplementationFactories$Companion$getProvider$2$1$1: loaded 2 times (x 73B)
Class org.jetbrains.kotlin.gradle.utils.FailuresKt$ideaSyncClasspathModeUtil$1        : loaded 2 times (x 70B)
Class org.jetbrains.kotlin.gradle.plugin.mpp.KotlinUsages$KotlinCinteropCompatibility : loaded 2 times (x 75B)
Class org.jetbrains.kotlin.gradle.plugin.sources.ConsistencyCheck                     : loaded 2 times (x 70B)
Class [Lorg.jetbrains.kotlin.gradle.plugin.HasKotlinDependencies;                     : loaded 2 times (x 67B)
Class org.objectweb.asm.ClassTooLargeException                                        : loaded 2 times (x 81B)
Class org.jetbrains.kotlin.gradle.plugin.diagnostics.checkers.OverriddenKotlinNativeHomeChecker$StdlibExistenceCheckerValueSource$Inject: loaded 2 times (x 107B)
Class org.jetbrains.kotlin.gradle.plugin.diagnostics.CheckKotlinGradlePluginConfigurationErrorsKt$locateOrRegisterCheckKotlinGradlePluginErrorsTask$taskProvider$1: loaded 2 times (x 73B)
Class org.jetbrains.kotlin.gradle.artifacts.KotlinJsKlibArtifactKt                    : loaded 2 times (x 69B)
Class org.jetbrains.kotlin.gradle.plugin.mpp.compilationImpl.DefaultKotlinCompilationSourceSetsContainer: loaded 2 times (x 76B)
Class org.jetbrains.kotlin.gradle.plugin.mpp.compilationImpl.factory.KotlinCompilationImplFactory$KotlinCompilationSourceSetsContainerFactory: loaded 2 times (x 68B)
Class org.jetbrains.kotlin.gradle.internal.properties.PropertiesBuildService$Params   : loaded 2 times (x 68B)
Class org.gradle.api.internal.classpath.UnknownModuleException                        : loaded 2 times (x 80B)
Class org.jetbrains.kotlin.gradle.internal.IdeaKt$isInIdeaEnvironment$1               : loaded 2 times (x 72B)
Class org.jetbrains.kotlin.konan.target.TargetSupportException                        : loaded 2 times (x 80B)
Class org.jetbrains.kotlin.gradle.internal.IdeaKt$isInIdeaEnvironment$2               : loaded 2 times (x 72B)
Class org.jetbrains.kotlin.konan.target.KonanTarget$IOS_X64                           : loaded 2 times (x 76B)
Class com.google.common.util.concurrent.AbstractFuture$Listener                       : loaded 2 times (x 70B)
Class org.jetbrains.kotlin.gradle.plugin.mpp.InternalKotlinTargetComponent            : loaded 2 times (x 91B)
Class org.jetbrains.kotlin.gradle.plugin.mpp.compilationImpl.KotlinCompilationRegisterInSourceSetsConfigurator$configure$1: loaded 2 times (x 77B)
Class org.jetbrains.kotlin.gradle.tasks.configuration.BaseKotlinCompileConfig         : loaded 2 times (x 70B)
Class org.jetbrains.kotlin.gradle.plugin.diagnostics.checkers.AndroidPublicationNotConfiguredChecker$runChecks$1: loaded 2 times (x 86B)
Class org.jetbrains.kotlin.gradle.internal.diagnostics.AgpCompatibilityCheck$runAgpCompatibilityCheckIfAgpIsApplied$1$1: loaded 2 times (x 73B)
Class org.jetbrains.kotlin.gradle.dsl.KotlinVersion$Companion                         : loaded 2 times (x 69B)
Class org.jetbrains.kotlin.gradle.plugin.AbstractKotlinAndroidPluginWrapper           : loaded 2 times (x 84B)
Class org.objectweb.asm.Edge                                                          : loaded 2 times (x 70B)
Class org.jetbrains.kotlin.gradle.plugin.KotlinJvmPlugin                              : loaded 2 times (x 78B)
Class org.jetbrains.kotlin.gradle.internal.properties.PropertiesBuildService$Inject   : loaded 2 times (x 94B)
Class org.jetbrains.kotlin.gradle.plugin.VariantImplementationFactories$Companion     : loaded 2 times (x 69B)
Class org.jetbrains.kotlin.gradle.utils.AndroidPluginIdsKt                            : loaded 2 times (x 69B)
Class com.google.common.collect.ImmutableCollection$Builder                           : loaded 2 times (x 74B)
Class org.jetbrains.kotlin.gradle.tasks.configuration.AbstractKotlinCompileConfigKt$explicitApiMode$1: loaded 2 times (x 73B)
Class org.jetbrains.kotlin.gradle.targets.js.dsl.KotlinWasmWasiTargetDsl              : loaded 2 times (x 68B)
Class org.jetbrains.kotlin.gradle.targets.js.npm.BaseNpmDependencyExtension           : loaded 2 times (x 68B)
Class org.jetbrains.kotlin.gradle.plugin.AbstractKotlinPlugin$Companion               : loaded 2 times (x 69B)
Class org.jetbrains.kotlin.gradle.dsl.IosSourceSetConventionChecker                   : loaded 2 times (x 72B)
Class org.jetbrains.kotlin.gradle.plugin.sources.FragmentConsistencyChecks            : loaded 2 times (x 70B)
Class org.jetbrains.kotlin.gradle.plugin.HasProject                                   : loaded 2 times (x 68B)
Class [Lorg.objectweb.asm.SymbolTable$Entry;                                          : loaded 2 times (x 67B)
Class com.google.errorprone.annotations.DoNotMock                                     : loaded 2 times (x 68B)
Class org.jetbrains.kotlin.gradle.tooling.BuildKotlinToolingMetadataTask$FromKotlinExtension: loaded 2 times (x 312B)
Class org.jetbrains.kotlin.gradle.dsl.AndroidMainSourceSetConventionsChecker          : loaded 2 times (x 72B)
Class org.jetbrains.kotlin.gradle.plugin.mpp.compilationImpl.KotlinCompilationSideEffect: loaded 2 times (x 68B)
Class org.jetbrains.kotlin.gradle.internal.properties.PropertiesBuildService$NullableBooleanGradleProperty: loaded 2 times (x 74B)
Class com.google.common.collect.SingletonImmutableBiMap                               : loaded 2 times (x 141B)
Class org.jetbrains.kotlin.gradle.utils.ProviderApiUtilsKt$providerWithLazyConvention$1: loaded 2 times (x 72B)
Class com.google.common.base.CommonPattern                                            : loaded 2 times (x 72B)
Class org.jetbrains.kotlin.gradle.tasks.configuration.TaskConfigAction$configureTask$1: loaded 2 times (x 77B)
Class org.jetbrains.kotlin.gradle.plugin.diagnostics.checkers.MissingNativeStdlibChecker: loaded 2 times (x 72B)
Class org.jetbrains.kotlin.gradle.plugin.VariantImplementationFactoriesConfigurator   : loaded 2 times (x 74B)
Class com.google.common.base.Suppliers                                                : loaded 2 times (x 69B)
Class org.jetbrains.kotlin.gradle.plugin.statistics.FinalizeConfigurationFusMetricActionKt: loaded 2 times (x 69B)
Class org.jetbrains.kotlin.gradle.plugin.diagnostics.checkers.AndroidPluginWithoutAndroidTargetChecker$runChecks$1: loaded 2 times (x 86B)
Class org.jetbrains.kotlin.gradle.internal.properties.NativePropertiesLoader$jvmArgs$1: loaded 2 times (x 73B)
Class org.jetbrains.kotlin.gradle.plugin.internal.DefaultProjectIsolationStartParameterAccessor_Decorated: loaded 2 times (x 119B)
Class [Lcom.google.common.collect.Iterators$EmptyModifiableIterator;                  : loaded 2 times (x 67B)
Class org.jetbrains.kotlin.gradle.utils.Completable$await$1                           : loaded 2 times (x 86B)
Class org.jetbrains.kotlin.gradle.tasks.TasksProviderKt                               : loaded 2 times (x 69B)
Class org.objectweb.asm.ClassVisitor                                                  : loaded 2 times (x 86B)
Class org.jetbrains.kotlin.gradle.plugin.hierarchy.KotlinSourceSetTreeClassifier      : loaded 2 times (x 68B)
Class org.jetbrains.kotlin.gradle.plugin.diagnostics.KotlinGradleProjectChecker$Companion: loaded 2 times (x 69B)
Class com.google.common.cache.LoadingCache                                            : loaded 2 times (x 68B)
Class org.gradle.internal.service.ServiceLookupException                              : loaded 2 times (x 80B)
Class build_2olidovac59ed7dx3gd9s47fh$_run_closure1                                   : loaded 2 times (x 137B)
Class org.jetbrains.kotlin.gradle.plugin.mpp.InternalKotlinTarget                     : loaded 2 times (x 68B)
Class org.jetbrains.kotlin.gradle.plugin.mpp.DefaultKotlinUsageContext                : loaded 2 times (x 91B)
Class org.jetbrains.kotlin.gradle.targets.native.toolchain.KotlinNativeBundleBuildService$Parameters_Decorated: loaded 2 times (x 137B)
Class org.gradle.util.GradleVersion                                                   : loaded 2 times (x 79B)
Class org.jetbrains.kotlin.gradle.artifacts.KotlinLegacyCompatibilityMetadataArtifactKt$KotlinLegacyCompatibilityMetadataArtifact$1: loaded 2 times (x 72B)
Class [Lorg.jetbrains.kotlin.build.report.metrics.GradleBuildPerformanceMetric;       : loaded 2 times (x 67B)
Class org.jetbrains.kotlin.gradle.plugin.sources.DefaultKotlinSourceSet               : loaded 2 times (x 139B)
Class org.jetbrains.kotlin.gradle.plugin.mpp.InternalKotlinCompilationKt$awaitAllKotlinSourceSets$1: loaded 2 times (x 86B)
Class org.jetbrains.kotlin.gradle.internal.KotlinDependenciesManagementKt$configureDefaultVersionsResolutionStrategy$1: loaded 2 times (x 73B)
Class org.jetbrains.kotlin.tooling.core.ExtrasPropertyKt$extrasLazyProperty$1         : loaded 2 times (x 92B)
Class org.jetbrains.kotlin.gradle.plugin.UsesVariantImplementationFactories           : loaded 2 times (x 68B)
Class org.jetbrains.kotlin.gradle.plugin.PropertiesProvider$preciseCompilationResultsBackup$1: loaded 2 times (x 77B)
Class org.gradle.tooling.model.ProjectIdentifier                                      : loaded 2 times (x 68B)
Class [Lorg.jetbrains.kotlin.build.report.metrics.BuildPerformanceMetric;             : loaded 2 times (x 67B)
Class com.google.common.base.CharMatcher$NegatedFastMatcher                           : loaded 2 times (x 111B)
Class [Lorg.gradle.api.internal.ClassPathProvider;                                    : loaded 2 times (x 67B)
Class org.jetbrains.kotlin.gradle.utils.ConfigurationsKt$maybeCreateResolvable$1      : loaded 2 times (x 76B)
Class org.jetbrains.kotlin.gradle.plugin.diagnostics.KotlinToolingDiagnostics$WasmJsEnvironmentNotChosenExplicitly: loaded 2 times (x 71B)
Class org.gradle.internal.operations.MultipleBuildOperationFailures                   : loaded 2 times (x 93B)
Class org.jetbrains.kotlin.gradle.tasks.DefaultKotlinJavaToolchain$Companion$wireJvmTargetToJvm$1: loaded 2 times (x 73B)
Class [Lorg.jetbrains.kotlin.gradle.dsl.KotlinVersion;                                : loaded 2 times (x 67B)
Class org.jetbrains.kotlin.gradle.plugin.PropertiesProvider$booleanPropertyWithDeprecatedValues$1: loaded 2 times (x 76B)
Class org.jetbrains.kotlin.tooling.core.AbstractExtras                                : loaded 2 times (x 139B)
Class [Lorg.jetbrains.kotlin.tooling.core.KotlinToolingVersion$Maturity;              : loaded 2 times (x 67B)
Class org.jetbrains.kotlin.gradle.targets.metadata.KotlinMetadataTargetConfiguratorKt$isNativeSourceSet$2: loaded 2 times (x 93B)
Class org.jetbrains.kotlin.gradle.plugin.sources.KotlinDependencyScopeKt$WhenMappings : loaded 2 times (x 69B)
Class org.gradle.util.internal.GUtil                                                  : loaded 2 times (x 69B)
Class org.jetbrains.kotlin.gradle.plugin.KotlinPluginWrapperKt                        : loaded 2 times (x 69B)
Class org.jetbrains.kotlin.gradle.plugin.KotlinProjectSetupActionKt$KotlinProjectSetupCoroutine$1$1: loaded 2 times (x 93B)
Class com.google.common.math.IntMath                                                  : loaded 2 times (x 69B)
Class org.jetbrains.kotlin.gradle.plugin.mpp.compilationImpl.KotlinCompilationConfigurationsContainer: loaded 2 times (x 68B)
Class org.jetbrains.kotlin.gradle.model.builder.KotlinModelBuilder$Companion          : loaded 2 times (x 69B)
Class org.jetbrains.kotlin.gradle.targets.NativeForwardImplementationToApiElementsSideEffectKt: loaded 2 times (x 69B)
Class org.jetbrains.kotlin.gradle.plugin.mpp.resources.resolve.KotlinTargetResourcesResolutionStrategy$Companion: loaded 2 times (x 69B)
Class build_9a71mm0kqdwcvq2c0t2ww1mct                                                 : loaded 2 times (x 171B)
Class org.gradle.internal.classloader.ClassLoaderSpec                                 : loaded 2 times (x 69B)
Class org.jetbrains.kotlin.gradle.utils.StringUtilsKt                                 : loaded 2 times (x 69B)
Class org.jetbrains.kotlin.gradle.dsl.ToolchainSupport                                : loaded 2 times (x 68B)
Class org.jetbrains.kotlin.gradle.plugin.internal.ProjectIsolationStartParameterAccessor: loaded 2 times (x 68B)
Class org.objectweb.asm.Frame                                                         : loaded 2 times (x 71B)
Class com.google.common.cache.LocalCache$LocalManualCache                             : loaded 2 times (x 97B)
Class com.google.common.collect.AbstractMapEntry                                      : loaded 2 times (x 79B)
Class com.google.common.collect.ImmutableList$Builder                                 : loaded 2 times (x 75B)
Class com.google.common.base.CharMatcher$Negated                                      : loaded 2 times (x 111B)
Class org.jetbrains.kotlin.gradle.plugin.mpp.compilationImpl.factory.KotlinCompilationImplFactory$KotlinCompilerOptionsFactory: loaded 2 times (x 68B)
Class org.jetbrains.kotlin.gradle.plugin.diagnostics.KotlinGradleProjectCheckersRunnerKt$launchKotlinGradleProjectCheckers$1$1: loaded 2 times (x 93B)
Class org.jetbrains.kotlin.gradle.plugin.KotlinPluginLifecycle$Stage$Companion        : loaded 2 times (x 69B)
Class org.jetbrains.kotlin.gradle.report.ReportingSettings$Companion                  : loaded 2 times (x 69B)
Class org.jetbrains.kotlin.tooling.core.Extras$Type                                   : loaded 2 times (x 70B)
Class com.google.common.cache.CacheLoader$1                                           : loaded 2 times (x 73B)
Class org.jetbrains.kotlin.gradle.plugin.sources.FragmentConsistencyChecks$unstableFeaturesCheck$1: loaded 2 times (x 77B)
Class org.jetbrains.kotlin.gradle.plugin.sources.FragmentConsistencyChecks$unstableFeaturesCheck$2: loaded 2 times (x 76B)
Class settings_cg8z6uujo3qvwu1becdy5e4y6                                              : loaded 2 times (x 169B)
Class com.google.common.util.concurrent.AbstractFuture$TrustedFuture                  : loaded 2 times (x 95B)
Class org.jetbrains.kotlin.gradle.tasks.BaseKotlinCompile                             : loaded 2 times (x 68B)
Class org.jetbrains.kotlin.gradle.internal.KotlinDomApiDependencyManagementKt         : loaded 2 times (x 69B)
Class org.jetbrains.kotlin.gradle.plugin.mpp.InternalKotlinCompilation                : loaded 2 times (x 68B)
Class org.jetbrains.kotlin.gradle.plugin.PropertiesProvider$booleanProvider$1         : loaded 2 times (x 72B)
Class org.gradle.internal.classloader.InstrumentingClassLoader                        : loaded 2 times (x 68B)
Class org.jetbrains.kotlin.gradle.plugin.diagnostics.checkers.NoKotlinTargetsDeclaredChecker: loaded 2 times (x 72B)
Class org.jetbrains.kotlin.gradle.utils.NativeCompilerDownloader$Companion            : loaded 2 times (x 69B)
Class org.jetbrains.kotlin.gradle.targets.native.KonanPropertiesBuildService$Parameters: loaded 2 times (x 68B)
Class org.jetbrains.kotlin.gradle.tasks.AbstractKotlinCompileTool                     : loaded 2 times (x 361B)
Class org.jetbrains.kotlin.gradle.plugin.KotlinSourceSetTree$Companion                : loaded 2 times (x 69B)
Class org.jetbrains.kotlin.gradle.internal.CompilerArgumentAware                      : loaded 2 times (x 68B)
Class org.jetbrains.kotlin.gradle.targets.CreateArtifactsSideEffectKt                 : loaded 2 times (x 69B)
Class org.jetbrains.kotlin.gradle.plugin.ProjectLocalConfigurations$ProjectLocalDisambiguation: loaded 2 times (x 74B)
Class org.jetbrains.kotlin.gradle.plugin.KotlinPluginInMultipleProjectsHolder         : loaded 2 times (x 70B)
Class org.jetbrains.kotlin.gradle.tasks.KotlinCompileTool                             : loaded 2 times (x 68B)
Class org.jetbrains.kotlin.gradle.plugin.sources.AbstractKotlinSourceSet              : loaded 2 times (x 139B)
Class org.jetbrains.kotlin.gradle.internal.properties.NativePropertiesLoader$konanDataDirProperty$1: loaded 2 times (x 73B)
Class org.jetbrains.kotlin.gradle.plugin.BuildFinishedListenerService$Companion$registerIfAbsent$2$1: loaded 2 times (x 77B)
Class org.jetbrains.kotlin.compilerRunner.CompilerSystemPropertiesService$Companion$registerIfAbsent$2$1: loaded 2 times (x 77B)
Class org.jetbrains.kotlin.gradle.plugin.mpp.compilationImpl.factory.KotlinCompilationImplFactory$PreConfigure: loaded 2 times (x 68B)
Class com.google.common.collect.Sets                                                  : loaded 2 times (x 69B)
Class org.jetbrains.kotlin.gradle.internal.StdlibDependencyManagementKt$addStdlibDependency$1$1: loaded 2 times (x 77B)
Class org.jetbrains.kotlin.gradle.plugin.mpp.compilationImpl.KotlinCompilationImpl$attributes$2: loaded 2 times (x 77B)
Class org.jetbrains.kotlin.gradle.utils.StoredPropertyKt$extrasStoredProperty$1       : loaded 2 times (x 76B)
Class org.jetbrains.kotlin.build.report.metrics.GradleBuildPerformanceMetric          : loaded 2 times (x 90B)
Class org.jetbrains.kotlin.gradle.plugin.sources.InternalKotlinSourceSet              : loaded 2 times (x 68B)
Class org.jetbrains.kotlin.gradle.plugin.internal.CustomPropertiesFileValueSource$Parameters: loaded 2 times (x 68B)
Class org.jetbrains.kotlin.util.capitalizeDecapitalize.CapitalizeDecapitalizeKt       : loaded 2 times (x 69B)
Class org.jetbrains.kotlin.gradle.plugin.diagnostics.checkers.KotlinSourceSetTreeDependsOnMismatchChecker: loaded 2 times (x 72B)
Class com.google.common.collect.ImmutableSet$Builder                                  : loaded 2 times (x 83B)
Class org.jetbrains.kotlin.gradle.plugin.mpp.compilationImpl.factory.KotlinCompilationImplFactory$KotlinCompilationTaskNamesContainerFactory: loaded 2 times (x 68B)
Class org.jetbrains.kotlin.gradle.internal.properties.NativeProperties$Companion      : loaded 2 times (x 69B)
Class org.jetbrains.kotlin.tooling.core.ExtrasProperty                                : loaded 2 times (x 68B)
Class com.google.common.base.CharMatcher$ForPredicate                                 : loaded 2 times (x 110B)
Class org.jetbrains.kotlin.gradle.plugin.diagnostics.checkers.DisabledCinteropCommonizationInHmppProjectChecker: loaded 2 times (x 72B)
Class org.jetbrains.kotlin.gradle.targets.metadata.KotlinMetadataTargetConfiguratorKt$special$$inlined$extrasStoredFuture$1: loaded 2 times (x 77B)
Class com.google.common.collect.ImmutableMap$MapViewOfValuesAsSingletonSets           : loaded 2 times (x 123B)
Class org.objectweb.asm.commons.InstructionAdapter                                    : loaded 2 times (x 186B)
Class com.google.common.base.MoreObjects                                              : loaded 2 times (x 69B)
Class com.google.common.collect.SortedMapDifference                                   : loaded 2 times (x 68B)
Class org.jetbrains.kotlin.gradle.targets.CreateDefaultCompilationsSideEffectKt       : loaded 2 times (x 69B)
Class org.jetbrains.kotlin.gradle.report.BuildReportType                              : loaded 2 times (x 77B)
Class org.jetbrains.kotlin.gradle.internal.StdlibDependencyManagementKt$addStdlibDependency$1$1$1: loaded 2 times (x 73B)
Class org.jetbrains.kotlin.konan.target.Family                                        : loaded 2 times (x 77B)
Class org.objectweb.asm.SymbolTable                                                   : loaded 2 times (x 70B)
Class org.jetbrains.kotlin.gradle.plugin.diagnostics.ToolingDiagnosticRenderingOptions: loaded 2 times (x 70B)
Class [Lorg.objectweb.asm.AnnotationVisitor;                                          : loaded 2 times (x 67B)
Class org.jetbrains.kotlin.gradle.plugin.mpp.compilationImpl.KotlinCompilationImpl$1  : loaded 2 times (x 77B)
Class com.google.common.cache.CacheStats                                              : loaded 2 times (x 69B)
Class org.jetbrains.kotlin.gradle.plugin.mpp.compilationImpl.KotlinCompilationImpl$2  : loaded 2 times (x 77B)
Class org.jetbrains.kotlin.gradle.InternalKotlinGradlePluginApi                       : loaded 2 times (x 68B)
Class org.jetbrains.kotlin.gradle.dsl.KotlinCommonCompilerOptions                     : loaded 2 times (x 68B)
Class org.objectweb.asm.Attribute                                                     : loaded 2 times (x 75B)
Class [Lorg.jetbrains.kotlin.gradle.plugin.sources.android.AndroidVariantType;        : loaded 2 times (x 67B)
Class org.jetbrains.kotlin.gradle.internal.properties.PropertiesBuildService$Companion: loaded 2 times (x 69B)
Class org.jetbrains.kotlin.tooling.core.MutableExtras                                 : loaded 2 times (x 68B)
Class org.gradle.internal.classloader.VisitableURLClassLoader                         : loaded 2 times (x 115B)
Class com.google.common.cache.LocalCache$LocalLoadingCache                            : loaded 2 times (x 132B)
Class org.jetbrains.kotlin.gradle.plugin.DefaultKotlinBasePlugin$addKotlinCompilerConfiguration$2$1: loaded 2 times (x 73B)
Class org.jetbrains.kotlin.gradle.targets.js.npm.NpmDependencyExtensionDelegate       : loaded 2 times (x 165B)
Class com.google.common.base.Supplier                                                 : loaded 2 times (x 68B)
Class org.jetbrains.kotlin.gradle.plugin.diagnostics.UsesKotlinToolingDiagnostics     : loaded 2 times (x 68B)
Class org.jetbrains.kotlin.gradle.plugin.attributes.KlibPackaging                     : loaded 2 times (x 68B)
Class org.jetbrains.kotlin.gradle.plugin.diagnostics.KotlinToolingDiagnosticsSetupActionKt$KotlinToolingDiagnosticsSetupAction$1: loaded 2 times (x 72B)
Class com.google.common.collect.ImmutableBiMap                                        : loaded 2 times (x 141B)
Class org.jetbrains.kotlin.gradle.internal.properties.PropertiesBuildService$property$1$1: loaded 2 times (x 73B)
Class org.gradle.internal.installation.GradleInstallation                             : loaded 2 times (x 73B)
Class org.jetbrains.kotlin.gradle.targets.js.dsl.KotlinJsTargetDsl                    : loaded 2 times (x 68B)
Class org.jetbrains.kotlin.gradle.plugin.diagnostics.checkers.KonanHomeConflictDeclarationChecker: loaded 2 times (x 72B)
Class org.jetbrains.kotlin.gradle.dsl.KotlinTargetContainerWithPresetFunctions        : loaded 2 times (x 68B)
Class org.jetbrains.kotlin.gradle.dsl.KotlinHierarchyDsl                              : loaded 2 times (x 68B)
Class org.jetbrains.kotlin.gradle.tasks.configuration.BaseKotlinCompileConfig$Companion: loaded 2 times (x 69B)
Class org.jetbrains.kotlin.konan.target.KonanTarget$LINUX_ARM64                       : loaded 2 times (x 76B)
Class org.jetbrains.kotlin.gradle.targets.native.SetupEmbedAndSignAppleFrameworkTaskSideEffectKt$special$$inlined$KotlinTargetSideEffect$1: loaded 2 times (x 72B)
Class org.jetbrains.kotlin.gradle.internal.properties.PropertiesBuildService$MemoizedCallable$value$2: loaded 2 times (x 77B)
Class org.gradle.api.internal.ClassPathRegistry                                       : loaded 2 times (x 68B)
Class org.jetbrains.kotlin.gradle.plugin.KotlinCompilationWithResources               : loaded 2 times (x 68B)
Class org.jetbrains.kotlin.gradle.plugin.mpp.compilationImpl.KotlinCompilationProcessorSideEffectKt$KotlinCompilationProcessorSideEffect$1: loaded 2 times (x 72B)
Class org.jetbrains.kotlin.gradle.plugin.internal.ProjectIsolationStartParameterAccessorKt: loaded 2 times (x 69B)
Class org.jetbrains.kotlin.gradle.plugin.PropertiesProvider$propertyWithDeprecatedValues$1: loaded 2 times (x 73B)
Class com.google.common.cache.LocalCache$EntryFactory                                 : loaded 2 times (x 81B)
Class com.google.common.util.concurrent.UncheckedExecutionException                   : loaded 2 times (x 80B)
Class com.google.common.collect.ImmutableSet                                          : loaded 2 times (x 143B)
Class org.gradle.internal.classloader.VisitableURLClassLoader$InstrumentingVisitableURLClassLoader: loaded 2 times (x 121B)
Class org.jetbrains.kotlin.gradle.plugin.mpp.compilationImpl.KotlinCompilationAssociator: loaded 2 times (x 68B)
Class org.gradle.internal.classloader.ClassLoaderHierarchy                            : loaded 2 times (x 68B)
Class org.jetbrains.kotlin.gradle.plugin.BuildFinishedListenerService$Companion$registerIfAbsent$1: loaded 2 times (x 72B)
Class org.jetbrains.kotlin.compilerRunner.CompilerSystemPropertiesService$Companion$registerIfAbsent$1: loaded 2 times (x 73B)
Class org.jetbrains.kotlin.gradle.plugin.mpp.KotlinJvmCompilation                     : loaded 2 times (x 198B)
Class [Lorg.jetbrains.kotlin.gradle.plugin.mpp.resources.resolve.KotlinTargetResourcesResolutionStrategy;: loaded 2 times (x 67B)
Class org.jetbrains.kotlin.gradle.plugin.KotlinPluginLifecycleImpl$await$2$1          : loaded 2 times (x 77B)
Class org.jetbrains.kotlin.gradle.internal.StdlibDependencyManagementKt$configureStdlibDefaultDependency$1: loaded 2 times (x 77B)
Class org.jetbrains.kotlin.gradle.plugin.mpp.compilationImpl.KotlinCompilationSideEffect$Companion: loaded 2 times (x 69B)
Class org.jetbrains.kotlin.gradle.plugin.diagnostics.checkers.NoKotlinTargetsDeclaredChecker$runChecks$1: loaded 2 times (x 86B)
Class org.gradle.internal.exceptions.MultiCauseException                              : loaded 2 times (x 68B)
Class org.jetbrains.kotlin.gradle.plugin.hierarchy.KotlinSourceSetTreeClassifier$Default: loaded 2 times (x 69B)
Class org.jetbrains.kotlin.gradle.targets.js.npm.DefaultPeerNpmDependencyExtension$delegate$1: loaded 2 times (x 165B)
Class org.jetbrains.kotlin.gradle.plugin.diagnostics.checkers.ExperimentalTryNextUsageChecker: loaded 2 times (x 72B)
Class org.jetbrains.kotlin.gradle.internal.KotlinDependenciesManagementKt             : loaded 2 times (x 69B)
Class org.jetbrains.kotlin.gradle.plugin.mpp.compilationImpl.factory.KotlinCompilationDependencyConfigurationsFactoriesKt$WhenMappings: loaded 2 times (x 69B)
Class org.jetbrains.kotlin.gradle.plugin.mpp.InternalKotlinCompilationKt              : loaded 2 times (x 69B)
Class [Lorg.jetbrains.kotlin.gradle.dsl.PlatformSourceSetConventionsChecker$CheckedPlatformInfo;: loaded 2 times (x 67B)
Class org.jetbrains.kotlin.tooling.core.KotlinToolingVersion                          : loaded 2 times (x 73B)
Class org.jetbrains.kotlin.gradle.plugin.internal.BuildIdService$Companion$registerIfAbsent$1$1: loaded 2 times (x 73B)
Class org.jetbrains.kotlin.gradle.plugin.PropertiesProvider$keepIncrementalCompilationCachesInMemory$1: loaded 2 times (x 77B)
Class org.jetbrains.kotlin.gradle.tasks.AbstractKotlinCompile                         : loaded 2 times (x 449B)
Class org.jetbrains.kotlin.gradle.plugin.VariantImplementationFactories$Parameters_Decorated: loaded 2 times (x 128B)
Class org.jetbrains.kotlin.gradle.targets.native.internal.CInteropConfigurationsKt$special$$inlined$KotlinTargetSideEffect$1: loaded 2 times (x 72B)
Class org.jetbrains.kotlin.konan.target.KonanTarget$WATCHOS_ARM32                     : loaded 2 times (x 76B)
Class org.jetbrains.kotlin.gradle.targets.native.internal.CInteropConfigurationsKt$special$$inlined$KotlinTargetSideEffect$2: loaded 2 times (x 72B)
Class org.jetbrains.kotlin.gradle.plugin.mpp.HasBinaries                              : loaded 2 times (x 68B)
Class org.jetbrains.kotlin.gradle.plugin.diagnostics.checkers.DisabledCinteropCommonizationInHmppProjectChecker$runChecks$1: loaded 2 times (x 86B)
Class org.jetbrains.kotlin.gradle.targets.js.npm.NpmDependencyExtensionKt$defaultNpmDependencyDelegate$1: loaded 2 times (x 165B)
Class org.jetbrains.kotlin.gradle.dsl.DefaultToolchainSupport                         : loaded 2 times (x 74B)
Class [Lorg.objectweb.asm.Type;                                                       : loaded 2 times (x 67B)
Class org.jetbrains.kotlin.gradle.targets.native.KonanPropertiesBuildService$Companion$registerIfAbsent$2$1$1: loaded 2 times (x 73B)
Class org.jetbrains.kotlin.gradle.plugin.sources.KotlinDependencyScopeKt              : loaded 2 times (x 69B)
Class org.jetbrains.kotlin.konan.target.KonanTarget$WATCHOS_SIMULATOR_ARM64           : loaded 2 times (x 76B)
Class org.jetbrains.kotlin.gradle.plugin.mpp.DefaultKotlinUsageContext$1              : loaded 2 times (x 72B)
Class org.jetbrains.kotlin.gradle.utils.ProjectExtensionsKt                           : loaded 2 times (x 69B)
Class org.jetbrains.kotlin.gradle.targets.native.internal.AddKotlinPlatformIntegersSupportLibraryKt: loaded 2 times (x 69B)
Class org.jetbrains.kotlin.gradle.plugin.mpp.compilationImpl.KotlinCreateSourcesJarTaskSideEffectKt$KotlinCreateSourcesJarTaskSideEffect$1: loaded 2 times (x 72B)
Class org.jetbrains.kotlin.gradle.plugin.sources.InternalKotlinSourceSetKt$awaitPlatformCompilations$1: loaded 2 times (x 86B)
Class org.jetbrains.kotlin.gradle.plugin.mpp.compilationImpl.KotlinCompilationRegisterInSourceSetsConfigurator: loaded 2 times (x 72B)
Class org.jetbrains.kotlin.gradle.internal.properties.PropertiesBuildServiceKt$propertyWithDeprecatedName$1: loaded 2 times (x 73B)
Class org.jetbrains.kotlin.gradle.plugin.mpp.compilationImpl.KotlinCreateSourcesJarTaskSideEffectKt: loaded 2 times (x 69B)
Class org.jetbrains.kotlin.gradle.dsl.KotlinMultiplatformExtension                    : loaded 2 times (x 707B)
Class com.google.common.cache.Weigher                                                 : loaded 2 times (x 68B)
Class org.jetbrains.kotlin.gradle.plugin.diagnostics.checkers.IncorrectCompileOnlyDependenciesChecker: loaded 2 times (x 72B)
Class org.jetbrains.kotlin.gradle.dsl.KotlinProjectExtension$jvmToolchain$1           : loaded 2 times (x 72B)
Class org.jetbrains.kotlin.gradle.plugin.KotlinGradleBuildServices                    : loaded 2 times (x 78B)
Class org.jetbrains.kotlin.gradle.utils.ProviderApiUtilsKt$mapOrNull$1$1              : loaded 2 times (x 73B)
Class com.google.common.base.CharMatcher$NamedFastMatcher                             : loaded 2 times (x 110B)
Class org.jetbrains.kotlin.gradle.plugin.BuildFinishedListenerService$Companion       : loaded 2 times (x 69B)
Class org.jetbrains.kotlin.compilerRunner.CompilerSystemPropertiesService$Companion   : loaded 2 times (x 69B)
Class org.gradle.internal.InternalTransformer                                         : loaded 2 times (x 68B)
Class org.jetbrains.kotlin.gradle.plugin.diagnostics.checkers.DuplicateSourceSetChecker: loaded 2 times (x 72B)
Class org.jetbrains.kotlin.gradle.plugin.internal.CustomPropertiesFileValueSource$Parameters_Decorated: loaded 2 times (x 128B)
Class org.jetbrains.kotlin.gradle.dsl.PlatformSourceSetConventionsChecker$runChecks$$inlined$CheckedPlatformInfo$default$1: loaded 2 times (x 76B)
Class org.jetbrains.kotlin.gradle.dsl.JvmTarget$Companion                             : loaded 2 times (x 69B)
Class org.gradle.tooling.internal.gradle.DefaultBuildIdentifier                       : loaded 2 times (x 77B)
Class org.jetbrains.kotlin.gradle.testing.internal.KotlinTestsRegistry$Companion      : loaded 2 times (x 69B)
Class org.gradle.internal.service.ServiceLocator                                      : loaded 2 times (x 68B)
Class org.jetbrains.kotlin.gradle.utils.FutureKt$future$1                             : loaded 2 times (x 93B)
Class org.jetbrains.kotlin.gradle.plugin.diagnostics.checkers.AndroidPublicationNotConfiguredChecker: loaded 2 times (x 72B)
Class org.jetbrains.kotlin.gradle.plugin.VariantImplementationFactories               : loaded 2 times (x 73B)
Class org.jetbrains.kotlin.gradle.utils.MutableObservableSetImpl                      : loaded 2 times (x 161B)
Class org.jetbrains.kotlin.gradle.report.ReportingSettings                            : loaded 2 times (x 70B)
Class org.jetbrains.kotlin.gradle.plugin.GradleUtilsKt                                : loaded 2 times (x 69B)
Class org.jetbrains.kotlin.gradle.plugin.mpp.AbstractKotlinTarget$kotlinComponents$2  : loaded 2 times (x 77B)
Class com.google.common.collect.ImmutableRangeSet$1                                   : loaded 2 times (x 169B)
Class com.google.common.util.concurrent.SettableFuture                                : loaded 2 times (x 95B)
Class org.jetbrains.kotlin.gradle.internal.transforms.BuildToolsApiClasspathEntrySnapshotTransform$Parameters: loaded 2 times (x 85B)
Class org.jetbrains.kotlin.gradle.plugin.diagnostics.checkers.GradleDeprecatedPropertyChecker: loaded 2 times (x 72B)
Class org.jetbrains.kotlin.gradle.internal.ClassLoadersCachingBuildService$Companion$registerIfAbsent$1: loaded 2 times (x 73B)
Class com.google.common.collect.ImmutableMapEntry                                     : loaded 2 times (x 83B)
Class org.jetbrains.kotlin.gradle.dsl.PlatformSourceSetConventionsChecker             : loaded 2 times (x 72B)
Class org.jetbrains.kotlin.gradle.targets.native.toolchain.KotlinNativeBundleBuildService$Companion$registerIfAbsent$2$1: loaded 2 times (x 77B)
Class org.jetbrains.kotlin.gradle.tasks.configuration.BaseKotlinCompileConfig$1       : loaded 2 times (x 77B)
Class org.jetbrains.kotlin.gradle.plugin.statistics.FinalizeConfigurationFusMetricActionKt$FinalizeConfigurationFusMetricAction$1: loaded 2 times (x 93B)
Class org.jetbrains.kotlin.gradle.plugin.internal.JavaExecTaskParametersCompatibility : loaded 2 times (x 68B)
Class org.jetbrains.kotlin.gradle.tasks.configuration.BaseKotlinCompileConfig$2       : loaded 2 times (x 77B)
Class org.jetbrains.kotlin.gradle.plugin.mpp.compilationImpl.KotlinCompilationSourceSetsContainer: loaded 2 times (x 68B)
Class org.jetbrains.kotlin.gradle.dsl.AndroidMainSourceSetConventionsChecker$runChecks$1: loaded 2 times (x 86B)
Class org.jetbrains.kotlin.gradle.plugin.diagnostics.KotlinToolingDiagnosticsSetupActionKt$KotlinToolingDiagnosticsSetupAction$1$1: loaded 2 times (x 73B)
Class org.jetbrains.kotlin.gradle.plugin.VariantImplementationFactories$Parameters    : loaded 2 times (x 68B)
Class org.jetbrains.kotlin.gradle.dsl.KotlinAndroidExtension                          : loaded 2 times (x 68B)
Class org.jetbrains.kotlin.gradle.plugin.SubpluginEnvironment                         : loaded 2 times (x 70B)
Class org.jetbrains.kotlin.gradle.incremental.UsesIncrementalModuleInfoBuildService   : loaded 2 times (x 68B)
Class org.jetbrains.kotlin.gradle.plugin.diagnostics.KotlinToolingDiagnosticsSetupActionKt$KotlinToolingDiagnosticsSetupAction$1$2: loaded 2 times (x 93B)
Class org.jetbrains.kotlin.gradle.plugin.KotlinPluginWrapperKt$kotlinPluginVersionFromResources$1: loaded 2 times (x 76B)
Class org.jetbrains.kotlin.gradle.plugin.diagnostics.KotlinToolingDiagnosticsSetupActionKt$KotlinToolingDiagnosticsSetupAction$1$3: loaded 2 times (x 73B)
Class org.jetbrains.kotlin.gradle.plugin.KotlinPluginLifecycleImplKt                  : loaded 2 times (x 69B)
Class org.jetbrains.kotlin.gradle.plugin.internal.DefaultConfigurationCacheStartParameterAccessor_Decorated: loaded 2 times (x 119B)
Class org.jetbrains.kotlin.gradle.targets.ConfigureBuildSideEffectKt                  : loaded 2 times (x 69B)
Class org.jetbrains.kotlin.gradle.plugin.sources.FragmentConsistencyChecker           : loaded 2 times (x 70B)
Class org.jetbrains.kotlin.gradle.tasks.KotlinTasksProvider                           : loaded 2 times (x 70B)
Class org.jetbrains.kotlin.gradle.internal.properties.PropertiesBuildService$Params_Decorated: loaded 2 times (x 128B)
Class org.jetbrains.kotlin.gradle.internal.properties.PropertiesBuildService$Companion$registerIfAbsent$1: loaded 2 times (x 73B)
Class org.jetbrains.kotlin.gradle.targets.CreateArtifactsSideEffectKt$CreateArtifactsSideEffect$1: loaded 2 times (x 72B)
Class org.jetbrains.kotlin.gradle.plugin.hierarchy.KotlinSourceSetTreeClassifierKt$sourceSetTreeClassifier$2: loaded 2 times (x 76B)
Class com.google.common.base.Joiner$1                                                 : loaded 2 times (x 78B)
Class com.google.common.base.Joiner$2                                                 : loaded 2 times (x 77B)
Class org.jetbrains.kotlin.gradle.targets.js.npm.SemVer                               : loaded 2 times (x 73B)
Class org.jetbrains.kotlin.gradle.internal.properties.NativePropertiesLoader$Companion: loaded 2 times (x 69B)
Class org.jetbrains.kotlin.gradle.dsl.KotlinJvmCompilerOptions                        : loaded 2 times (x 68B)
Class com.google.common.base.CharMatcher$FastMatcher                                  : loaded 2 times (x 109B)
Class org.jetbrains.kotlin.gradle.dsl.KotlinCommonToolOptions                         : loaded 2 times (x 68B)
Class org.jetbrains.kotlin.gradle.targets.CreateDefaultTestRunSideEffectKt            : loaded 2 times (x 69B)
Class org.gradle.internal.classpath.DefaultClassPath$ImmutableUniqueList              : loaded 2 times (x 159B)
Class org.jetbrains.kotlin.gradle.plugin.mpp.compilationImpl.factory.ConfigurationNaming: loaded 2 times (x 68B)
Class org.jetbrains.kotlin.konan.target.KonanTarget$ANDROID_X64                       : loaded 2 times (x 76B)
Class org.jetbrains.kotlin.gradle.plugin.mpp.KotlinUsages$KotlinMetadataCompatibility : loaded 2 times (x 74B)
Class org.jetbrains.kotlin.gradle.plugin.mpp.compilationImpl.DefaultKotlinCompilationFriendPathsResolver$FriendArtifactResolver: loaded 2 times (x 68B)
Class org.jetbrains.kotlin.gradle.plugin.KotlinGradleBuildServices$Inject             : loaded 2 times (x 98B)
Class org.jetbrains.kotlin.gradle.plugin.diagnostics.checkers.JsLikeEnvironmentChecker: loaded 2 times (x 74B)
Class org.gradle.internal.time.DefaultTimer                                           : loaded 2 times (x 78B)
Class org.jetbrains.kotlin.gradle.targets.js.npm.NpmDirectoryDependencyExtension      : loaded 2 times (x 68B)
Class org.jetbrains.kotlin.gradle.plugin.VariantImplementationFactories$Companion$getProvider$2$1: loaded 2 times (x 77B)
Class org.jetbrains.kotlin.gradle.plugin.KotlinPluginLifecycle$CoroutineStart         : loaded 2 times (x 77B)
Class org.jetbrains.kotlin.tooling.core.TypeUtils                                     : loaded 2 times (x 69B)
Class org.gradle.internal.classpath.TransformedClassPath                              : loaded 2 times (x 94B)
Class org.jetbrains.kotlin.gradle.tasks.configuration.KaptGenerateStubsConfig$Companion$configureLibraries$1: loaded 2 times (x 77B)
Class org.jetbrains.kotlin.gradle.dsl.HasConfigurableKotlinCompilerOptions            : loaded 2 times (x 68B)
Class org.jetbrains.kotlin.gradle.plugin.diagnostics.checkers.JsEnvironmentChecker    : loaded 2 times (x 74B)
Class com.google.common.collect.MapDifference                                         : loaded 2 times (x 68B)
Class org.jetbrains.kotlin.buildtools.api.ExperimentalBuildToolsApi                   : loaded 2 times (x 68B)
Class org.jetbrains.kotlin.gradle.plugin.BuildFinishedListenerService$Companion$registerIfAbsent$2$1$1: loaded 2 times (x 73B)
Class org.jetbrains.kotlin.compilerRunner.CompilerSystemPropertiesService$Companion$registerIfAbsent$2$1$1: loaded 2 times (x 73B)
Class org.jetbrains.kotlin.gradle.plugin.sources.InternalKotlinSourceSetKt            : loaded 2 times (x 69B)
Class org.jetbrains.kotlin.gradle.internal.properties.PropertiesBuildService          : loaded 2 times (x 74B)
Class com.google.common.collect.Sets$1                                                : loaded 2 times (x 137B)
Class com.google.common.collect.Sets$2                                                : loaded 2 times (x 137B)
Class com.google.common.util.concurrent.AbstractFuture$Trusted                        : loaded 2 times (x 68B)
Class org.jetbrains.kotlin.gradle.artifacts.KotlinNativeKlibArtifactKt$KotlinNativeKlibArtifact$1: loaded 2 times (x 72B)
Class [Lorg.jetbrains.kotlin.gradle.plugin.KotlinPlatformType;                        : loaded 2 times (x 67B)
Class org.jetbrains.kotlin.gradle.plugin.mpp.KotlinAndroidTarget                      : loaded 2 times (x 163B)
Class com.google.common.collect.Sets$3                                                : loaded 2 times (x 137B)
Class org.jetbrains.kotlin.gradle.internal.properties.PropertiesBuildService$BooleanGradleProperty: loaded 2 times (x 74B)
Class com.google.common.collect.Sets$4                                                : loaded 2 times (x 137B)
Class org.jetbrains.kotlin.build.report.metrics.BuildTime                             : loaded 2 times (x 68B)
Class org.jetbrains.kotlin.gradle.utils.IsolatedKotlinClasspathClassCastException     : loaded 2 times (x 80B)
Class org.jetbrains.kotlin.gradle.internal.KotlinDependenciesManagementKt$CustomizeKotlinDependenciesSetupAction$1$coreLibrariesVersion$1: loaded 2 times (x 77B)
Class Settings_gradle                                                                 : loaded 2 times (x 122B)
Class org.jetbrains.kotlin.gradle.plugin.HasCompilerOptions                           : loaded 2 times (x 68B)
Class org.jetbrains.kotlin.gradle.utils.FutureKt                                      : loaded 2 times (x 69B)
Class org.jetbrains.kotlin.gradle.testing.internal.KotlinTestsRegistry                : loaded 2 times (x 70B)
Class build_5wpnxc27r87wkrmaxdikb0s9j                                                 : loaded 2 times (x 170B)
Class org.jetbrains.kotlin.gradle.plugin.mpp.compilationImpl.KotlinCompilationLanguageSettingsConfigurator: loaded 2 times (x 72B)
Class org.jetbrains.kotlin.gradle.plugin.diagnostics.checkers.DuplicateSourceSetChecker$runChecks$1: loaded 2 times (x 86B)
Class org.jetbrains.kotlin.gradle.plugin.KotlinCompilerArgumentsProducer              : loaded 2 times (x 68B)
Class org.objectweb.asm.MethodWriter                                                  : loaded 2 times (x 104B)
Class org.jetbrains.kotlin.gradle.utils.GradleAttributesContainerUtilsKt$setAttributeProvider$1: loaded 2 times (x 73B)
Class org.jetbrains.kotlin.gradle.plugin.internal.ConfigurationCacheStartParameterAccessor: loaded 2 times (x 68B)
Class kotlin.collections.AbstractList$Companion                                       : loaded 2 times (x 69B)
Class org.jetbrains.kotlin.gradle.plugin.KotlinTargetConfiguratorKt                   : loaded 2 times (x 69B)
Class org.jetbrains.kotlin.gradle.plugin.mpp.InternalKotlinCompilation$DefaultImpls   : loaded 2 times (x 69B)
Class org.jetbrains.kotlin.gradle.plugin.sources.DefaultKotlinSourceSet_Decorated     : loaded 2 times (x 186B)
Class com.google.common.collect.Platform                                              : loaded 2 times (x 69B)
Class org.jetbrains.kotlin.gradle.dsl.KotlinCommonCompilerToolOptionsDefault          : loaded 2 times (x 82B)
Class org.jetbrains.kotlin.gradle.report.ConfigureReporingKt                          : loaded 2 times (x 69B)
Class com.google.common.collect.ImmutableAsList                                       : loaded 2 times (x 169B)
Class com.google.common.util.concurrent.ExecutionError                                : loaded 2 times (x 80B)
Class org.jetbrains.kotlin.konan.target.KonanTarget$WATCHOS_ARM64                     : loaded 2 times (x 76B)
Class org.jetbrains.kotlin.gradle.plugin.KotlinPluginLifecycleImpl                    : loaded 2 times (x 78B)
Class com.google.common.base.Equivalence$Identity                                     : loaded 2 times (x 80B)
Class org.jetbrains.kotlin.gradle.dsl.PlatformSourceSetConventionsChecker$runChecks$1 : loaded 2 times (x 86B)
Class [Lorg.jetbrains.kotlin.gradle.plugin.KotlinPluginLifecycle$Stage;               : loaded 2 times (x 67B)
Class org.jetbrains.kotlin.gradle.internal.diagnostics.AgpCompatibilityCheck$AndroidGradlePluginVersionProvider: loaded 2 times (x 68B)
Class com.google.common.base.CharMatcher$AnyOf                                        : loaded 2 times (x 110B)
Class com.google.common.base.CharMatcher$IsEither                                     : loaded 2 times (x 109B)
Class org.jetbrains.kotlin.gradle.dsl.PlatformSourceSetConventionsChecker$runChecks$2 : loaded 2 times (x 76B)
Class org.jetbrains.kotlin.gradle.internal.CompilerOptionsDslHelpersKt                : loaded 2 times (x 69B)
Class org.jetbrains.kotlin.konan.target.HostManager$targetValues$2                    : loaded 2 times (x 76B)
Class org.jetbrains.kotlin.gradle.dsl.PlatformSourceSetConventionsChecker$runChecks$3 : loaded 2 times (x 76B)
Class [Lorg.jetbrains.kotlin.gradle.plugin.diagnostics.ToolingDiagnostic$Severity;    : loaded 2 times (x 67B)
Class org.jetbrains.kotlin.gradle.plugin.internal.CustomPropertiesFileValueSource$Inject: loaded 2 times (x 111B)
Class org.jetbrains.kotlin.gradle.plugin.statistics.BuildFusService$Companion         : loaded 2 times (x 69B)
Class org.jetbrains.kotlin.gradle.plugin.PluginWrappersKt                             : loaded 2 times (x 69B)
Class org.jetbrains.kotlin.gradle.dsl.PlatformSourceSetConventionsChecker$runChecks$4 : loaded 2 times (x 76B)
Class org.jetbrains.kotlin.gradle.dsl.KotlinCommonCompilerToolOptionsHelper           : loaded 2 times (x 69B)
Class org.jetbrains.kotlin.gradle.tasks.configuration.AbstractKotlinCompileConfig     : loaded 2 times (x 70B)
Class org.jetbrains.kotlin.gradle.dsl.PlatformSourceSetConventionsChecker$runChecks$6 : loaded 2 times (x 86B)
Class org.jetbrains.kotlin.gradle.plugin.mpp.compilationImpl.KotlinCreateNativeCompileTasksSideEffectKt$special$$inlined$KotlinCompilationSideEffect$1: loaded 2 times (x 72B)
Class com.google.common.cache.LocalCache                                              : loaded 2 times (x 185B)
Class org.jetbrains.kotlin.gradle.targets.native.internal.SetupKotlinNativePlatformDependenciesAndStdlibKt$SetupKotlinNativeStdlibAndPlatformDependenciesImport$1: loaded 2 times (x 93B)
Class com.google.common.collect.ImmutableRangeSet$Builder                             : loaded 2 times (x 75B)
Class org.jetbrains.kotlin.gradle.plugin.diagnostics.CheckKotlinGradlePluginConfigurationErrorsKt$addDependsOnFromTasksThatShouldFailWhenErrorsReported$1: loaded 2 times (x 73B)
Class org.jetbrains.kotlin.gradle.targets.CreateTargetConfigurationsSideEffectKt$CreateTargetConfigurationsSideEffect$1: loaded 2 times (x 72B)
Class org.jetbrains.kotlin.gradle.plugin.KotlinPluginLifecycleImpl$launch$coroutine$1 : loaded 2 times (x 74B)
Class org.jetbrains.kotlin.gradle.internal.IsInIdeaEnvironmentValueSource$Inject      : loaded 2 times (x 98B)
Class org.jetbrains.kotlin.gradle.targets.CreateDefaultTestRunSideEffectKt$special$$inlined$KotlinTargetSideEffect$1: loaded 2 times (x 72B)
Class org.jetbrains.kotlin.gradle.plugin.internal.JavaExecTaskParametersCompatibility$Factory: loaded 2 times (x 68B)
Class com.google.common.collect.RegularImmutableList                                  : loaded 2 times (x 172B)
Class org.jetbrains.kotlin.gradle.plugin.diagnostics.KotlinToolingDiagnostics         : loaded 2 times (x 69B)
Class org.jetbrains.kotlin.gradle.internal.StdlibDependencyManagementKt$addStdlibDependency$1: loaded 2 times (x 73B)
Class org.jetbrains.kotlin.gradle.dsl.KotlinCommonOptions                             : loaded 2 times (x 68B)
Class org.jetbrains.kotlin.gradle.plugin.HasKotlinDependencies                        : loaded 2 times (x 68B)
Class settings_cg8z6uujo3qvwu1becdy5e4y6$_run_closure1                                : loaded 2 times (x 137B)
Class org.jetbrains.kotlin.gradle.plugin.mpp.KotlinTargetSoftwareComponentImplKt$KotlinTargetSoftwareComponent$1$1$configuration$1: loaded 2 times (x 77B)
Class org.jetbrains.kotlin.gradle.plugin.mpp.SyncLanguageSettingsWithKotlinExtensionSetupActionKt$SyncLanguageSettingsWithKotlinExtensionSetupAction$1: loaded 2 times (x 93B)
Class com.google.common.collect.Multiset                                              : loaded 2 times (x 68B)
Class com.google.common.collect.ImmutableSet$CachingAsList                            : loaded 2 times (x 145B)
Class org.jetbrains.kotlin.gradle.plugin.mpp.compilationImpl.KotlinCreateNativeCompileTasksSideEffectKt: loaded 2 times (x 69B)
Class org.jetbrains.kotlin.gradle.plugin.VariantImplementationFactoriesConfigurator$Companion: loaded 2 times (x 69B)
Class org.jetbrains.kotlin.gradle.plugin.AndroidGradlePluginVersion                   : loaded 2 times (x 73B)
Class org.jetbrains.kotlin.konan.target.KonanTarget$ANDROID_X86                       : loaded 2 times (x 76B)
Class org.jetbrains.kotlin.gradle.tooling.BuildKotlinToolingMetadataTask              : loaded 2 times (x 312B)
Class org.jetbrains.kotlin.gradle.plugin.KotlinCompilerPluginSupportPlugin            : loaded 2 times (x 68B)
Class org.jetbrains.kotlin.gradle.internal.properties.NativeProperties                : loaded 2 times (x 68B)
Class org.jetbrains.kotlin.gradle.plugin.mpp.compilationImpl.KotlinCreateResourcesTaskSideEffectKt$KotlinCreateResourcesTaskSideEffect$1: loaded 2 times (x 72B)
Class org.jetbrains.kotlin.gradle.internal.properties.NativePropertiesLoader$userProvidedNativeHome$1: loaded 2 times (x 73B)
Class org.jetbrains.kotlin.gradle.plugin.mpp.compilationImpl.factory.KotlinCompilationImplFactory$KotlinCompilerOptionsFactory$Options: loaded 2 times (x 70B)
Class org.jetbrains.kotlin.gradle.utils.SingleActionPerProject                        : loaded 2 times (x 71B)
Class org.jetbrains.kotlin.gradle.plugin.mpp.AbstractKotlinTarget$components$2        : loaded 2 times (x 77B)
Class org.jetbrains.kotlin.gradle.plugin.diagnostics.checkers.CInteropInputChecker    : loaded 2 times (x 72B)
Class org.jetbrains.kotlin.gradle.plugin.mpp.compilationImpl.factory.KotlinCompilationImplFactory: loaded 2 times (x 70B)
Class org.jetbrains.kotlin.gradle.plugin.mpp.KotlinTargetWithBinaries                 : loaded 2 times (x 161B)
Class org.objectweb.asm.MethodVisitor                                                 : loaded 2 times (x 103B)
Class org.jetbrains.kotlin.gradle.dsl.KotlinSingleTargetExtension                     : loaded 2 times (x 122B)
Class com.google.common.collect.AbstractMapBasedMultimap$KeySet$1                     : loaded 2 times (x 80B)
Class com.google.common.collect.ImmutableMapEntry$NonTerminalImmutableMapEntry        : loaded 2 times (x 83B)
Class org.jetbrains.kotlin.gradle.ExperimentalKotlinGradlePluginApi                   : loaded 2 times (x 68B)
Class com.google.common.collect.AbstractMapBasedMultimap                              : loaded 2 times (x 137B)
Class org.jetbrains.kotlin.gradle.internal.properties.NativePropertiesLoader$konanDataDirProperty$1$1: loaded 2 times (x 72B)
Class org.jetbrains.kotlin.gradle.internal.ClassLoadersCachingBuildService$Parameters_Decorated: loaded 2 times (x 128B)


---------------  S Y S T E M  ---------------

OS:
 Windows 11 , 64 bit Build 26100 (10.0.26100.8764)
OS uptime: 1 days 2:45 hours
Hyper-V role detected

CPU: total 16 (initial active 16) (16 cores per cpu, 2 threads per core) family 25 model 80 stepping 0 microcode 0xa50000d, cx8, cmov, fxsr, ht, mmx, 3dnowpref, sse, sse2, sse3, ssse3, sse4a, sse4.1, sse4.2, popcnt, lzcnt, tsc, tscinvbit, avx, avx2, aes, erms, clmul, bmi1, bmi2, adx, sha, fma, vzeroupper, clflush, clflushopt, hv
Processor Information for all 16 processors :
  Max Mhz: 3201, Current Mhz: 1882, Mhz Limit: 3201

Memory: 4k page, system-wide physical 15773M (585M free)
TotalPageFile size 39667M (AvailPageFile size 290M)
current process WorkingSet (physical memory assigned to process): 650M, peak: 650M
current process commit charge ("private bytes"): 702M, peak: 703M

vm_info: OpenJDK 64-Bit Server VM (17.0.14+1-b1367.22) for windows-amd64 JRE (17.0.14+1-b1367.22), built on 2025-01-30 by "builduser" with MS VC++ 16.10 / 16.11 (VS2019)

END.
